time_key,customer_key,product_key,employee_key,shipper_key,Quantity_detail,UnitPrice_detail,Discount_detail,line_total
1,85,11,5,3,12,14.0,0.0,168.0
1,85,42,5,3,10,9.8,0.0,98.0
1,85,72,5,3,5,34.8,0.0,174.0
2,79,14,6,1,9,18.6,0.0,167.4
2,79,51,6,1,40,42.4,0.0,1696.0
3,34,41,4,2,10,7.7,0.0,77.0
3,34,51,4,2,35,42.4,0.15000000596046448,1261.3999911546707
3,34,65,4,2,15,16.8,0.15000000596046448,214.19999849796295
3,84,22,3,1,6,16.8,0.05000000074505806,95.75999992489815
3,84,57,3,1,15,15.6,0.05000000074505806,222.2999998256564
3,84,65,3,1,20,16.8,0.0,336.0
4,76,20,4,2,40,64.8,0.05000000074505806,2462.3999980688095
4,76,33,4,2,25,2.0,0.05000000074505806,47.4999999627471
4,76,60,4,2,40,27.2,0.0,1088.0
5,34,31,3,2,20,10.0,0.0,200.0
5,34,39,3,2,42,14.4,0.0,604.8000000000001
5,34,49,3,2,40,16.0,0.0,640.0
6,14,24,5,2,15,3.6,0.15000000596046448,45.89999967813492
6,14,55,5,2,21,19.2,0.15000000596046448,342.7199975967407
6,14,74,5,2,21,8.0,0.0,168.0
7,68,2,9,3,20,15.2,0.0,304.0
7,68,16,9,3,35,13.9,0.0,486.5
7,68,36,9,3,25,15.2,0.0,380.0
7,68,59,9,3,30,44.0,0.0,1320.0
8,88,53,3,2,15,26.2,0.0,393.0
8,88,77,3,2,12,10.4,0.0,124.80000000000001
9,35,27,4,3,25,35.1,0.0,877.5
9,35,39,4,3,6,14.4,0.0,86.4
9,35,77,4,3,15,10.4,0.0,156.0
10,20,2,1,1,50,15.2,0.20000000298023224,607.9999977350235
10,20,5,1,1,65,17.0,0.20000000298023224,883.9999967068434
10,20,32,1,1,6,25.6,0.20000000298023224,122.87999954223635
11,13,21,4,3,10,8.0,0.0,80.0
11,13,37,4,3,1,20.8,0.0,20.8
12,56,41,4,1,16,7.7,0.25,92.4
12,56,57,4,1,50,15.6,0.0,780.0
12,56,62,4,1,15,39.4,0.25,443.25
12,56,70,4,1,21,12.0,0.25,189.0
12,61,21,4,2,20,8.0,0.0,160.0
12,61,35,4,2,20,14.4,0.0,288.0
13,65,5,8,3,12,17.0,0.20000000298023224,163.19999939203262
13,65,7,8,3,15,24.0,0.0,360.0
13,65,56,8,3,2,30.4,0.0,60.8
14,20,16,9,3,60,13.9,0.25,625.5
14,20,24,9,3,28,3.6,0.0,100.8
14,20,30,9,3,60,20.7,0.25,931.5
14,20,74,9,3,36,8.0,0.25,216.0
15,24,2,6,3,35,15.2,0.0,532.0
15,24,41,6,3,25,7.7,0.15000000596046448,163.6249988526106
16,7,17,2,1,30,31.2,0.0,936.0
16,7,70,2,1,20,12.0,0.0,240.0
17,87,12,3,3,12,30.4,0.05000000074505806,346.5599997282028
18,25,40,4,1,50,14.7,0.0,735.0
18,25,59,4,1,70,44.0,0.15000000596046448,2617.9999816417694
18,25,76,4,1,15,14.4,0.15000000596046448,183.59999871253967
19,33,29,8,3,10,99.0,0.0,990.0
19,33,72,8,3,4,27.8,0.0,111.2
20,89,33,5,1,60,2.0,0.05000000074505806,113.99999991059303
20,89,72,5,1,20,27.8,0.05000000074505806,528.1999995857477
21,87,36,1,1,30,15.2,0.0,456.0
21,87,43,1,1,25,36.8,0.0,919.9999999999999
21,75,33,6,2,24,2.0,0.0,48.0
22,65,20,6,2,6,64.8,0.0,388.79999999999995
22,65,31,6,2,40,10.0,0.0,400.0
22,65,72,6,2,24,27.8,0.0,667.2
23,63,10,3,3,24,24.8,0.05000000074505806,565.4399995565415
23,63,31,3,3,15,10.0,0.05000000074505806,142.4999998882413
23,63,33,3,3,20,2.0,0.0,40.0
23,63,40,3,3,60,14.7,0.05000000074505806,837.8999993428588
23,63,76,3,3,33,14.4,0.05000000074505806,451.4399996459484
24,85,71,6,1,20,17.2,0.0,344.0
24,85,72,6,1,7,27.8,0.0,194.6
25,49,24,1,1,12,3.6,0.05000000074505806,41.03999996781349
25,49,59,1,1,6,44.0,0.05000000074505806,250.79999980330467
26,80,10,8,3,15,24.8,0.0,372.0
26,80,13,8,3,10,4.8,0.0,48.0
27,52,28,2,3,20,36.4,0.0,728.0
27,52,62,2,3,12,39.4,0.0,472.79999999999995
28,5,44,8,2,16,15.5,0.0,248.0
28,5,59,8,2,15,44.0,0.0,660.0
28,5,63,8,2,8,35.1,0.0,280.8
28,5,73,8,2,25,12.0,0.0,300.0
29,44,17,8,2,15,31.2,0.25,351.0
30,5,24,2,1,12,3.6,0.0,43.2
30,5,55,2,1,20,19.2,0.0,384.0
30,5,75,2,1,30,6.2,0.0,186.0
30,69,19,4,1,1,7.3,0.0,7.3
30,69,24,4,1,6,3.6,0.0,21.6
30,69,35,4,1,4,14.4,0.0,57.6
31,69,30,4,1,6,20.7,0.0,124.19999999999999
31,69,57,4,1,2,15.6,0.0,31.2
32,46,15,3,3,20,12.4,0.0,248.0
32,46,19,3,3,18,7.3,0.0,131.4
32,46,60,3,3,35,27.2,0.0,952.0
32,46,72,3,3,3,27.8,0.0,83.4
33,44,27,4,1,15,35.1,0.25,394.875
33,44,44,4,1,21,15.5,0.0,325.5
33,44,60,4,1,20,27.2,0.25,408.0
33,44,67,4,1,5,11.2,0.25,42.0
34,63,1,1,2,45,14.4,0.20000000298023224,518.3999980688095
34,63,40,1,2,40,14.7,0.20000000298023224,470.39999824762344
34,63,53,1,2,36,26.2,0.20000000298023224,754.5599971890449
35,63,35,8,3,100,14.4,0.0,1440.0
35,63,62,8,3,40,39.4,0.0,1576.0
36,67,16,8,3,40,13.9,0.15000000596046448,472.59999668598175
36,67,34,8,3,20,11.2,0.0,224.0
36,67,46,8,3,15,9.6,0.15000000596046448,122.39999914169312
37,66,54,4,1,10,5.9,0.10000000149011612,53.09999991208315
37,66,68,4,1,3,10.0,0.10000000149011612,26.999999955296516
38,11,3,7,3,30,8.0,0.0,240.0
38,11,64,7,3,9,26.6,0.0,239.4
39,15,5,8,1,20,17.0,0.0,340.0
39,15,29,8,1,15,99.0,0.0,1485.0
39,15,49,8,1,15,16.0,0.0,240.0
39,15,77,8,1,10,10.4,0.0,104.0
39,61,13,6,2,20,4.8,0.10000000149011612,86.39999985694885
39,61,44,6,2,24,15.5,0.10000000149011612,334.7999994456768
39,61,51,6,2,2,42.4,0.10000000149011612,76.31999987363815
40,81,20,1,2,20,64.8,0.0,1296.0
41,80,18,1,3,12,50.0,0.0,600.0
41,80,24,1,3,10,3.6,0.0,36.0
41,80,63,1,3,5,35.1,0.0,175.5
41,80,75,1,3,6,6.2,0.0,37.2
42,65,1,4,2,18,14.4,0.0,259.2
42,65,17,4,2,15,31.2,0.0,468.0
42,65,43,4,2,15,36.8,0.0,552.0
42,65,60,4,2,21,27.2,0.0,571.1999999999999
42,65,75,4,2,6,6.2,0.0,37.2
43,85,56,2,2,4,30.4,0.0,121.6
44,46,11,6,1,12,16.8,0.0,201.60000000000002
44,46,16,6,1,30,13.9,0.0,417.0
44,46,69,6,1,15,28.8,0.0,432.0
45,7,39,5,2,60,14.4,0.0,864.0
45,7,72,5,2,20,27.8,0.0,556.0
46,37,2,6,2,40,15.2,0.0,608.0
46,37,36,6,2,40,15.2,0.25,456.0
46,37,59,6,2,30,44.0,0.25,990.0
46,37,62,6,2,15,39.4,0.0,591.0
47,67,19,4,2,15,7.3,0.0,109.5
47,67,70,4,2,20,12.0,0.0,240.0
48,49,66,2,2,30,13.6,0.0,408.0
48,49,68,2,2,20,10.0,0.0,200.0
48,86,40,8,2,10,14.7,0.0,147.0
48,86,56,8,2,20,30.4,0.0,608.0
49,76,17,4,2,40,31.2,0.0,1248.0
49,76,28,4,2,28,36.4,0.0,1019.1999999999999
49,76,43,4,2,12,36.8,0.0,441.59999999999997
50,30,40,7,2,40,14.7,0.10000000149011612,529.1999991238117
50,30,65,7,2,30,16.8,0.10000000149011612,453.5999992489815
50,30,68,7,2,15,10.0,0.10000000149011612,134.99999977648258
51,80,49,1,2,30,16.0,0.0,480.0
51,80,59,1,2,10,44.0,0.0,440.0
51,80,71,1,2,2,17.2,0.0,34.4
52,55,18,8,3,25,50.0,0.10000000149011612,1124.9999981373549
52,55,29,8,3,25,99.0,0.10000000149011612,2227.4999963119626
52,55,39,8,3,30,14.4,0.10000000149011612,388.79999935626984
53,69,30,1,3,10,20.7,0.0,207.0
53,69,53,1,3,10,26.2,0.0,262.0
53,69,54,1,3,5,5.9,0.0,29.5
54,48,62,2,2,10,39.4,0.0,394.0
54,48,68,2,2,3,10.0,0.0,30.0
55,2,69,7,3,1,28.8,0.0,28.8
55,2,70,7,3,5,12.0,0.0,60.0
56,37,4,3,1,20,17.6,0.0,352.0
56,37,6,3,1,30,20.0,0.0,600.0
56,37,42,3,1,2,11.2,0.0,22.4
56,37,43,3,1,20,36.8,0.0,736.0
56,37,71,3,1,3,17.2,0.0,51.599999999999994
57,77,16,8,2,10,13.9,0.0,139.0
57,77,62,8,2,5,39.4,0.0,197.0
57,18,42,1,3,6,11.2,0.0,67.19999999999999
57,18,69,1,3,7,28.8,0.0,201.6
58,86,28,2,2,4,36.4,0.0,145.6
58,86,43,2,2,24,36.8,0.0,883.1999999999999
58,86,53,2,2,20,26.2,0.0,524.0
58,86,75,2,2,10,6.2,0.0,62.0
59,63,36,2,2,12,15.2,0.0,182.39999999999998
60,65,32,1,2,40,25.6,0.10000000149011612,921.5999984741211
60,65,58,1,2,30,10.6,0.10000000149011612,286.1999995261431
60,65,62,1,2,25,39.4,0.10000000149011612,886.4999985322356
61,38,34,4,2,14,11.2,0.0,156.79999999999998
61,38,70,4,2,30,12.0,0.0,360.0
62,65,41,1,3,10,7.7,0.0,77.0
62,65,62,1,3,70,39.4,0.0,2758.0
63,48,1,6,1,20,14.4,0.0,288.0
64,38,41,8,2,20,7.7,0.0,154.0
64,38,76,8,2,6,14.4,0.0,86.4
65,80,17,7,3,8,31.2,0.0,249.6
65,80,28,7,3,14,36.4,0.0,509.59999999999997
65,80,76,7,3,30,14.4,0.0,432.0
66,87,71,5,3,30,17.2,0.0,516.0
66,38,35,3,2,10,14.4,0.0,144.0
67,58,52,7,3,20,5.6,0.0,112.0
68,39,15,4,1,5,12.4,0.0,62.0
68,39,25,4,1,4,11.2,0.0,44.8
68,39,39,4,1,4,14.4,0.0,57.6
69,71,16,9,1,21,13.9,0.15000000596046448,248.11499826014045
69,71,35,9,1,70,14.4,0.15000000596046448,856.7999939918518
69,71,46,9,1,30,9.6,0.0,288.0
69,71,59,9,1,40,44.0,0.15000000596046448,1495.9999895095825
69,71,63,9,1,80,35.1,0.15000000596046448,2386.7999832630157
70,39,6,1,3,6,20.0,0.0,120.0
70,39,13,1,3,12,4.8,0.0,57.599999999999994
70,39,14,1,3,9,18.6,0.0,167.4
70,39,31,1,3,4,10.0,0.0,40.0
70,39,72,1,3,40,27.8,0.0,1112.0
71,8,4,4,2,24,17.6,0.0,422.40000000000003
71,8,57,4,2,16,15.6,0.0,249.6
71,8,75,4,2,50,6.2,0.0,310.0
72,24,2,2,1,25,15.2,0.20000000298023224,303.99999886751175
72,24,11,2,1,50,16.8,0.20000000298023224,671.9999974966049
72,24,30,2,1,35,20.7,0.20000000298023224,579.5999978408217
72,24,58,2,1,30,10.6,0.20000000298023224,254.39999905228615
73,28,59,4,3,9,44.0,0.0,396.0
73,28,65,4,3,40,16.8,0.0,672.0
73,28,68,4,3,10,10.0,0.0,100.0
74,75,19,4,2,10,7.3,0.05000000074505806,69.34999994561076
74,75,30,4,2,8,20.7,0.05000000074505806,157.31999987661837
74,75,38,4,2,20,210.8,0.05000000074505806,4005.199996858835
74,75,56,4,2,12,30.4,0.05000000074505806,346.5599997282028
75,46,26,3,1,50,24.9,0.15000000596046448,1058.2499925792217
75,46,72,3,1,25,27.8,0.15000000596046448,590.7499958574772
75,9,54,9,1,15,5.9,0.0,88.5
76,51,18,3,2,40,50.0,0.20000000298023224,1599.9999940395355
76,51,42,3,2,10,11.2,0.20000000298023224,89.59999966621399
76,51,47,3,2,16,7.6,0.20000000298023224,97.27999963760375
77,87,14,5,3,10,18.6,0.0,186.0
77,87,21,5,3,10,8.0,0.10000000149011612,71.99999988079071
77,87,71,5,3,40,17.2,0.10000000149011612,619.1999989748001
78,84,52,8,2,8,5.6,0.0,44.8
78,84,68,8,2,10,10.0,0.0,100.0
79,37,2,7,2,7,15.2,0.20000000298023224,85.11999968290328
79,37,31,7,2,25,10.0,0.20000000298023224,199.99999925494194
79,37,32,7,2,6,25.6,0.20000000298023224,122.87999954223635
79,37,51,7,2,48,42.4,0.20000000298023224,1628.1599939346313
80,60,4,7,2,18,17.6,0.10000000149011612,285.1199995279312
81,25,23,4,3,40,7.2,0.0,288.0
81,25,26,4,3,24,24.9,0.0,597.5999999999999
81,25,36,4,3,20,15.2,0.0,304.0
81,25,37,4,3,28,20.8,0.0,582.4
81,25,72,4,3,25,27.8,0.0,695.0
82,55,17,4,3,20,31.2,0.0,624.0
82,55,30,4,3,15,20.7,0.0,310.5
83,51,4,2,2,10,17.6,0.0,176.0
83,51,17,2,2,70,31.2,0.05000000074505806,2074.799998372793
83,51,62,2,2,28,39.4,0.0,1103.2
84,9,18,1,3,20,50.0,0.05000000074505806,949.9999992549419
84,9,41,1,3,12,7.7,0.05000000074505806,87.77999993115664
84,9,43,1,3,40,36.8,0.05000000074505806,1398.3999989032745
84,73,33,7,3,8,2.0,0.0,16.0
84,73,59,7,3,9,44.0,0.15000000596046448,336.59999763965607
85,25,2,4,2,24,15.2,0.20000000298023224,291.83999891281127
85,25,31,4,2,56,10.0,0.20000000298023224,447.99999833106995
85,25,36,4,2,40,15.2,0.20000000298023224,486.3999981880188
85,25,55,4,2,40,19.2,0.20000000298023224,614.3999977111816
86,44,64,4,1,50,26.6,0.0,1330.0
86,44,68,4,1,4,10.0,0.05000000074505806,37.99999997019768
86,44,76,4,1,15,14.4,0.0,216.0
87,89,4,4,2,35,17.6,0.0,616.0
87,89,8,4,2,70,32.0,0.25,1680.0
88,63,8,2,2,70,32.0,0.0,2240.0
88,63,19,2,2,80,7.3,0.0,584.0
88,63,42,2,2,9,11.2,0.0,100.8
89,65,17,3,3,36,31.2,0.10000000149011612,1010.8799983263016
89,65,56,3,3,20,30.4,0.0,608.0
90,21,25,4,3,10,11.2,0.0,112.0
90,21,39,4,3,50,14.4,0.15000000596046448,611.9999957084656
90,21,40,4,3,4,14.7,0.0,58.8
90,21,75,4,3,6,6.2,0.15000000596046448,31.619999778270724
91,86,1,4,2,15,14.4,0.15000000596046448,183.59999871253967
91,86,23,4,2,25,7.2,0.0,180.0
92,75,54,7,1,24,5.9,0.0,141.60000000000002
93,41,50,6,2,15,13.0,0.10000000149011612,175.49999970942736
93,41,69,6,2,18,28.8,0.10000000149011612,466.5599992275238
93,20,38,1,1,20,210.8,0.05000000074505806,4005.199996858835
93,20,41,1,1,13,7.7,0.0,100.10000000000001
93,20,44,1,1,77,15.5,0.05000000074505806,1133.8249991107732
93,20,65,1,1,10,16.8,0.05000000074505806,159.59999987483025
94,28,24,3,3,10,3.6,0.0,36.0
94,28,54,3,3,20,5.9,0.15000000596046448,100.29999929666519
95,59,11,7,3,12,16.8,0.20000000298023224,161.2799993991852
95,59,38,7,3,50,210.8,0.20000000298023224,8431.999968588352
96,58,1,8,3,12,14.4,0.0,172.8
96,58,29,8,3,4,99.0,0.0,396.0
97,4,24,6,1,25,3.6,0.0,90.0
97,4,57,6,1,25,15.6,0.0,390.0
98,86,31,6,2,30,10.0,0.0,300.0
98,86,55,6,2,12,19.2,0.0,230.39999999999998
98,86,69,6,2,20,28.8,0.0,576.0
99,46,10,1,3,30,24.8,0.20000000298023224,595.1999977827072
99,46,26,1,3,16,24.9,0.0,398.4
99,46,60,1,3,8,27.2,0.20000000298023224,174.07999935150147
100,41,24,5,1,10,3.6,0.05000000074505806,34.19999997317791
100,41,34,5,1,10,11.2,0.05000000074505806,106.3999999165535
100,41,36,5,1,20,15.2,0.05000000074505806,288.79999977350235
101,72,16,5,3,56,13.9,0.05000000074505806,739.4799994200467
101,72,31,5,3,70,10.0,0.05000000074505806,664.9999994784594
101,72,60,5,3,80,27.2,0.05000000074505806,2067.1999983787537
102,7,28,4,3,30,36.4,0.0,1092.0
102,7,29,4,3,35,99.0,0.0,3465.0
102,7,38,4,3,10,210.8,0.0,2108.0
102,7,49,4,3,35,16.0,0.0,560.0
102,7,54,4,3,28,5.9,0.0,165.20000000000002
102,63,39,1,2,54,14.4,0.10000000149011612,699.8399988412857
102,63,60,1,2,55,27.2,0.10000000149011612,1346.3999977707863
103,9,25,3,1,50,11.2,0.0,560.0
103,9,51,3,1,20,42.4,0.0,848.0
103,9,54,3,1,24,5.9,0.0,141.60000000000002
104,17,31,4,3,20,10.0,0.0,200.0
104,17,75,4,3,12,6.2,0.0,74.4
104,17,76,4,3,12,14.4,0.0,172.8
104,19,69,1,1,30,28.8,0.0,864.0
104,19,71,1,1,5,17.2,0.0,86.0
105,3,11,3,2,24,16.8,0.0,403.20000000000005
106,29,65,8,2,5,16.8,0.0,84.0
106,29,77,8,2,5,10.4,0.0,52.0
106,83,34,7,3,36,11.2,0.0,403.2
106,83,54,7,3,18,5.9,0.0,106.2
106,83,65,7,3,15,16.8,0.0,252.0
106,83,77,7,3,7,10.4,0.0,72.8
107,20,21,2,2,5,8.0,0.10000000149011612,35.999999940395355
107,20,28,2,2,13,36.4,0.10000000149011612,425.87999929487705
107,20,57,2,2,25,15.6,0.0,390.0
107,20,64,2,2,35,26.6,0.10000000149011612,837.8999986127019
108,75,29,8,2,20,99.0,0.0,1980.0
108,75,56,8,2,18,30.4,0.25,410.4
109,14,1,6,2,15,14.4,0.15000000596046448,183.59999871253967
109,14,64,6,2,30,26.6,0.0,798.0
109,14,74,6,2,20,8.0,0.15000000596046448,135.99999904632568
109,41,36,1,1,6,15.2,0.20000000298023224,72.95999972820282
110,62,20,5,2,12,64.8,0.25,583.1999999999999
110,62,38,5,2,40,210.8,0.25,6324.0
110,62,60,5,2,70,27.2,0.25,1428.0
110,62,72,5,2,42,27.8,0.25,875.7
111,37,58,4,3,80,10.6,0.20000000298023224,678.3999974727631
111,37,71,4,3,50,17.2,0.20000000298023224,687.9999974370003
111,91,31,1,3,30,10.0,0.0,300.0
111,91,58,1,3,15,10.6,0.0,159.0
112,36,14,3,2,15,18.6,0.0,279.0
112,36,54,3,2,10,5.9,0.0,59.0
113,51,31,1,2,42,10.0,0.05000000074505806,398.9999996870756
113,72,28,1,3,20,36.4,0.15000000596046448,618.7999956607819
113,72,39,1,3,20,14.4,0.15000000596046448,244.79999828338623
114,24,71,5,3,6,17.2,0.0,103.19999999999999
115,61,41,2,1,8,7.7,0.10000000149011612,55.43999990820885
115,61,63,2,1,16,35.1,0.10000000149011612,505.4399991631508
115,61,65,2,1,20,16.8,0.10000000149011612,302.399999499321
116,37,30,8,3,18,20.7,0.10000000149011612,335.3399994447827
116,37,53,8,3,20,26.2,0.10000000149011612,471.59999921917915
116,37,60,8,3,6,27.2,0.10000000149011612,146.87999975681305
116,37,70,8,3,30,12.0,0.0,360.0
116,46,74,3,3,14,8.0,0.0,112.0
117,20,5,4,1,32,17.0,0.0,544.0
117,20,18,4,1,9,50.0,0.0,450.0
117,20,29,4,1,14,99.0,0.0,1386.0
117,20,33,4,1,60,2.0,0.0,120.0
117,20,74,4,1,50,8.0,0.0,400.0
118,4,13,8,3,20,4.8,0.0,96.0
118,4,50,8,3,15,13.0,0.0,195.0
118,4,56,8,3,20,30.4,0.0,608.0
118,5,20,3,3,28,64.8,0.0,1814.3999999999999
118,5,60,3,3,15,27.2,0.0,408.0
119,75,7,1,2,10,24.0,0.20000000298023224,191.99999928474426
119,75,60,1,2,20,27.2,0.20000000298023224,435.19999837875366
119,75,68,1,2,8,10.0,0.20000000298023224,63.99999976158142
120,21,24,9,3,15,3.6,0.0,54.0
120,21,34,9,3,10,11.2,0.0,112.0
120,70,24,1,2,15,3.6,0.0,54.0
120,70,28,1,2,6,36.4,0.0,218.39999999999998
120,70,59,1,2,12,44.0,0.0,528.0
120,70,71,1,2,15,17.2,0.0,258.0
121,72,45,2,1,15,7.6,0.20000000298023224,91.19999966025352
121,72,52,2,1,20,5.6,0.20000000298023224,89.59999966621399
121,72,53,2,1,40,26.2,0.0,1048.0
122,10,10,4,2,16,24.8,0.0,396.8
122,10,55,4,2,15,19.2,0.0,288.0
122,10,62,4,2,20,39.4,0.0,788.0
122,10,70,4,2,30,12.0,0.0,360.0
123,20,31,6,1,60,10.0,0.10000000149011612,539.9999991059303
123,20,35,6,1,40,14.4,0.10000000149011612,518.3999991416931
123,20,46,6,1,45,9.6,0.0,432.0
123,20,72,6,1,24,27.8,0.10000000149011612,600.4799990057945
123,17,13,3,3,18,4.8,0.0,86.39999999999999
124,59,69,2,3,50,28.8,0.0,1440.0
125,71,2,1,3,25,15.2,0.25,285.0
125,71,14,1,3,42,18.6,0.25,585.9000000000001
125,71,25,1,3,7,11.2,0.25,58.8
125,71,26,1,3,70,24.9,0.25,1307.25
125,71,31,1,3,32,10.0,0.0,320.0
125,36,13,1,3,10,4.8,0.0,48.0
125,36,62,1,3,10,39.4,0.0,394.0
126,35,46,6,1,28,9.6,0.10000000149011612,241.9199995994568
126,35,53,6,1,70,26.2,0.10000000149011612,1650.599997267127
126,35,69,6,1,8,28.8,0.0,230.4
127,25,23,1,3,40,7.2,0.0,288.0
127,25,71,1,3,60,17.2,0.0,1032.0
127,25,72,1,3,21,27.8,0.0,583.8000000000001
127,60,21,5,1,10,8.0,0.15000000596046448,67.99999952316284
127,60,51,5,1,18,42.4,0.15000000596046448,648.7199954509734
128,71,35,2,3,30,14.4,0.0,432.0
128,71,55,2,3,120,19.2,0.10000000149011612,2073.5999965667725
129,83,68,8,3,60,10.0,0.0,600.0
129,83,71,8,3,30,17.2,0.0,516.0
129,83,76,8,3,35,14.4,0.0,504.0
129,83,77,8,3,14,10.4,0.0,145.6
130,19,29,1,3,21,99.0,0.0,2079.0
130,19,35,1,3,35,14.4,0.0,504.0
130,19,49,1,3,30,16.0,0.0,480.0
130,65,30,1,1,18,20.7,0.0,372.59999999999997
130,65,56,1,1,70,30.4,0.0,2128.0
130,65,65,1,1,20,16.8,0.0,336.0
130,65,71,1,1,60,17.2,0.0,1032.0
131,20,23,8,2,60,7.2,0.0,432.0
131,20,63,8,2,65,35.1,0.0,2281.5
132,20,16,4,3,21,13.9,0.15000000596046448,248.11499826014045
132,20,48,4,3,70,10.2,0.15000000596046448,606.8999957442284
132,49,26,2,1,30,24.9,0.05000000074505806,709.6499994434416
132,49,42,2,1,40,11.2,0.05000000074505806,425.599999666214
132,49,49,2,1,30,16.0,0.05000000074505806,455.99999964237213
133,47,3,1,1,50,8.0,0.0,400.0
134,62,1,7,1,10,14.4,0.0,144.0
134,62,21,7,1,30,8.0,0.10000000149011612,215.99999964237213
134,62,28,7,1,42,36.4,0.10000000149011612,1375.9199977219105
134,62,36,7,1,5,15.2,0.10000000149011612,68.39999988675117
134,62,40,7,1,2,14.7,0.10000000149011612,26.459999956190586
134,56,11,2,2,30,16.8,0.0,504.0
134,56,69,2,2,15,28.8,0.0,432.0
134,56,71,2,2,15,17.2,0.0,258.0
135,23,37,8,1,10,20.8,0.0,208.0
135,23,54,8,1,6,5.9,0.0,35.400000000000006
135,23,62,8,1,35,39.4,0.0,1379.0
136,54,14,3,1,12,18.6,0.0,223.20000000000002
136,54,21,3,1,12,8.0,0.0,96.0
137,10,33,3,3,49,2.0,0.0,98.0
137,10,59,3,3,16,44.0,0.0,704.0
137,10,41,9,3,25,7.7,0.20000000298023224,153.9999994263053
137,10,44,9,3,40,15.5,0.20000000298023224,495.999998152256
137,10,59,9,3,9,44.0,0.20000000298023224,316.79999881982803
138,87,14,8,2,20,18.6,0.10000000149011612,334.7999994456768
139,41,1,3,2,24,14.4,0.0,345.6
139,41,62,3,2,40,39.4,0.0,1576.0
139,41,76,3,2,14,14.4,0.0,201.6
139,21,19,2,3,18,7.3,0.05000000074505806,124.82999990209937
139,21,33,2,3,50,2.0,0.0,100.0
140,36,17,3,1,2,31.2,0.0,62.4
140,36,33,3,1,20,2.0,0.0,40.0
141,87,19,8,3,20,7.3,0.0,146.0
141,87,53,8,3,10,26.2,0.0,262.0
141,87,57,8,3,20,15.6,0.0,312.0
141,73,38,4,3,50,210.8,0.0,10540.0
141,73,46,4,3,2,9.6,0.25,14.399999999999999
141,73,68,4,3,36,10.0,0.25,270.0
141,73,77,4,3,35,10.4,0.0,364.0
142,63,2,4,1,60,15.2,0.0,912.0
142,63,47,4,1,55,7.6,0.0,418.0
142,63,61,4,1,16,22.8,0.0,364.8
142,63,74,4,1,15,8.0,0.0,120.0
143,68,60,4,2,60,27.2,0.05000000074505806,1550.3999987840652
143,68,69,4,2,20,28.8,0.05000000074505806,547.1999995708466
144,88,9,3,1,20,77.6,0.10000000149011612,1396.7999976873398
144,88,13,3,1,2,4.8,0.10000000149011612,8.639999985694885
144,88,70,3,1,8,12.0,0.10000000149011612,86.39999985694885
144,88,73,3,1,20,12.0,0.10000000149011612,215.99999964237213
144,61,19,8,1,4,7.3,0.15000000596046448,24.819999825954437
144,61,26,8,1,30,24.9,0.0,747.0
144,61,53,8,1,15,26.2,0.15000000596046448,334.04999765753746
144,61,77,8,1,10,10.4,0.15000000596046448,88.3999993801117
145,27,26,2,1,2,24.9,0.0,49.8
146,31,31,6,3,14,10.0,0.0,140.0
146,31,59,6,3,20,44.0,0.0,880.0
146,51,35,7,2,60,14.4,0.20000000298023224,691.1999974250793
146,51,38,7,2,49,210.8,0.20000000298023224,8263.359969216586
146,51,68,7,2,30,10.0,0.20000000298023224,239.99999910593033
147,41,55,6,2,10,19.2,0.25,144.0
147,41,76,6,2,20,14.4,0.25,216.0
148,29,56,4,1,5,30.4,0.0,152.0
148,29,64,4,1,7,26.6,0.0,186.20000000000002
148,59,14,4,2,35,18.6,0.0,651.0
149,66,46,7,1,20,9.6,0.0,192.0
150,37,50,3,2,40,13.0,0.0,520.0
150,37,63,3,2,35,35.1,0.25,921.375
151,20,17,4,1,45,31.2,0.20000000298023224,1123.199995815754
151,20,21,4,1,50,8.0,0.0,400.0
151,20,56,4,1,30,30.4,0.0,912.0
151,20,59,4,1,70,44.0,0.20000000298023224,2463.9999908208847
151,10,17,4,2,50,31.2,0.25,1170.0
151,10,40,4,2,50,14.7,0.25,551.25
151,10,47,4,2,30,7.6,0.25,171.0
152,75,26,3,2,10,24.9,0.0,249.0
152,75,54,3,2,40,5.9,0.0,236.0
153,60,56,3,3,28,30.4,0.0,851.1999999999999
153,24,11,3,2,6,16.8,0.0,100.80000000000001
153,24,76,3,2,18,14.4,0.15000000596046448,220.3199984550476
154,16,2,8,2,10,15.2,0.0,152.0
154,16,22,8,2,12,16.8,0.0,201.60000000000002
154,16,72,8,2,10,27.8,0.0,278.0
155,7,46,3,2,5,9.6,0.0,48.0
155,7,56,3,2,40,30.4,0.10000000149011612,1094.3999981880188
155,7,64,3,2,30,26.6,0.10000000149011612,718.1999988108873
155,7,75,3,2,24,6.2,0.10000000149011612,133.91999977827072
155,87,53,8,1,15,26.2,0.0,393.0
156,79,19,3,2,15,7.3,0.20000000298023224,87.59999967366457
156,79,34,3,2,20,11.2,0.20000000298023224,179.19999933242798
156,79,57,3,2,15,15.6,0.20000000298023224,187.19999930262566
157,51,12,6,3,15,30.4,0.0,456.0
157,51,16,6,3,16,13.9,0.0,222.4
157,51,64,6,3,6,26.6,0.0,159.60000000000002
157,51,74,6,3,30,8.0,0.0,240.0
158,71,2,4,2,45,15.2,0.15000000596046448,581.3999959230423
158,71,16,4,2,49,13.9,0.15000000596046448,578.9349959403277
158,71,29,4,2,24,99.0,0.15000000596046448,2019.5999858379364
158,71,61,4,2,90,22.8,0.15000000596046448,1744.199987769127
158,55,27,3,2,50,35.1,0.0,1755.0
159,20,11,3,2,30,16.8,0.0,504.0
159,20,54,3,2,80,5.9,0.0,472.0
159,20,66,3,2,60,13.6,0.0,816.0
160,66,11,8,1,6,16.8,0.20000000298023224,80.6399996995926
160,66,28,8,1,12,36.4,0.0,436.79999999999995
160,5,17,3,3,10,31.2,0.0,312.0
160,5,26,3,3,15,24.9,0.0,373.5
160,5,35,3,3,8,14.4,0.0,115.2
160,5,41,3,3,30,7.7,0.0,231.0
161,5,39,3,1,6,14.4,0.0,86.4
161,5,54,3,1,15,5.9,0.0,88.5
162,79,19,6,1,12,7.3,0.10000000149011612,78.83999986946583
162,79,24,6,1,20,3.6,0.10000000149011612,64.79999989271164
162,79,31,6,1,3,10.0,0.10000000149011612,26.999999955296516
162,79,52,6,1,15,5.6,0.10000000149011612,75.59999987483025
162,67,19,4,2,40,7.3,0.0,292.0
162,67,65,4,2,35,16.8,0.0,588.0
162,67,71,4,2,2,17.2,0.0,34.4
163,64,26,4,2,6,24.9,0.0,149.39999999999998
163,64,40,4,2,20,14.7,0.0,294.0
164,7,10,3,2,14,24.8,0.0,347.2
164,7,52,3,2,20,5.6,0.0,112.0
164,7,62,3,2,35,39.4,0.0,1379.0
165,84,10,8,2,20,24.8,0.20000000298023224,396.7999985218048
165,84,54,8,2,6,5.9,0.20000000298023224,28.319999894499784
165,63,55,4,3,120,19.2,0.10000000149011612,2073.5999965667725
165,63,64,4,3,35,26.6,0.10000000149011612,837.8999986127019
165,63,65,4,3,28,16.8,0.10000000149011612,423.35999929904943
165,63,77,4,3,55,10.4,0.10000000149011612,514.7999991476536
166,71,28,8,1,15,36.4,0.0,546.0
166,71,44,8,1,100,15.5,0.05000000074505806,1472.49999884516
167,4,48,1,2,15,10.2,0.10000000149011612,137.69999977201223
167,4,70,1,2,25,12.0,0.10000000149011612,269.99999955296516
167,41,16,4,3,20,13.9,0.20000000298023224,222.39999917149544
167,41,33,4,3,20,2.0,0.20000000298023224,31.99999988079071
167,41,46,4,3,10,9.6,0.20000000298023224,76.7999997138977
168,87,39,8,2,20,14.4,0.0,288.0
168,87,53,8,2,50,26.2,0.0,1310.0
168,87,61,8,2,25,22.8,0.0,570.0
168,87,71,8,2,30,17.2,0.0,516.0
169,39,21,8,2,40,8.0,0.15000000596046448,271.99999809265137
169,39,49,8,2,21,16.0,0.15000000596046448,285.59999799728394
169,39,59,2,1,36,44.0,0.0,1584.0
170,76,26,7,3,30,24.9,0.0,747.0
170,76,28,7,3,30,36.4,0.0,1092.0
170,76,43,7,3,20,36.8,0.0,736.0
170,76,56,7,3,15,30.4,0.0,456.0
170,76,71,7,3,50,17.2,0.0,860.0
171,84,7,4,2,16,24.0,0.05000000074505806,364.7999997138977
171,84,46,4,2,20,9.6,0.05000000074505806,182.39999985694885
171,84,72,4,2,40,27.8,0.0,1112.0
172,24,68,8,1,21,10.0,0.25,157.5
172,24,75,8,1,4,6.2,0.25,18.6
172,46,21,1,3,40,8.0,0.25,240.0
172,46,30,1,3,28,20.7,0.25,434.70000000000005
172,46,55,1,3,60,19.2,0.25,864.0
173,16,13,2,1,1,4.8,0.0,4.8
173,16,23,2,1,21,7.2,0.0,151.20000000000002
174,76,19,5,3,21,7.3,0.0,153.29999999999998
174,76,42,5,3,50,11.2,0.0,560.0
174,28,4,4,2,16,17.6,0.20000000298023224,225.2799991607666
174,28,43,4,2,3,36.8,0.0,110.39999999999999
174,28,56,4,2,30,30.4,0.20000000298023224,729.5999972820282
174,28,60,4,2,20,27.2,0.0,544.0
175,83,24,1,3,25,3.6,0.0,90.0
175,83,29,1,3,18,99.0,0.10000000149011612,1603.799997344613
175,83,40,1,3,20,14.7,0.0,294.0
175,83,45,1,3,30,7.6,0.10000000149011612,205.19999966025352
175,83,50,1,3,25,13.0,0.0,325.0
176,15,11,4,1,10,16.8,0.0,168.0
176,15,46,4,1,5,9.6,0.0,48.0
176,49,24,8,2,28,3.6,0.0,100.8
176,49,25,8,2,12,11.2,0.0,134.39999999999998
177,39,30,3,3,8,20.7,0.0,165.6
177,39,43,3,3,15,36.8,0.0,552.0
178,89,2,1,1,40,15.2,0.15000000596046448,516.7999963760376
178,89,16,1,1,35,13.9,0.15000000596046448,413.52499710023403
178,89,44,1,1,2,15.5,0.15000000596046448,26.3499998152256
179,9,18,4,2,30,50.0,0.0,1500.0
179,9,23,4,2,15,7.2,0.0,108.0
179,9,64,4,2,8,26.6,0.0,212.8
179,11,7,2,3,30,24.0,0.0,720.0
179,11,56,2,3,20,30.4,0.0,608.0
180,72,24,8,1,80,3.6,0.05000000074505806,273.5999997854233
180,72,51,8,1,18,42.4,0.0,763.1999999999999
181,38,33,1,3,12,2.0,0.0,24.0
181,38,71,1,3,12,17.2,0.0,206.39999999999998
181,58,14,5,2,12,18.6,0.0,223.20000000000002
181,58,28,5,2,18,36.4,0.0,655.1999999999999
181,58,40,5,2,21,14.7,0.0,308.7
181,58,75,5,2,10,6.2,0.0,62.0
182,76,31,9,1,35,10.0,0.15000000596046448,297.49999791383743
182,76,66,9,1,60,13.6,0.15000000596046448,693.599995136261
182,76,76,9,1,42,14.4,0.15000000596046448,514.0799963951112
183,35,55,8,3,2,19.2,0.05000000074505806,36.479999971389766
183,35,70,8,3,12,12.0,0.0,144.0
183,60,1,5,2,15,14.4,0.0,216.0
183,60,21,5,2,21,8.0,0.25,126.0
183,60,39,5,2,20,14.4,0.25,216.0
184,84,10,2,3,20,24.8,0.05000000074505806,471.1999996304512
185,65,38,3,3,30,210.8,0.0,6324.0
185,65,53,3,3,28,26.2,0.0,733.6
185,65,59,3,3,60,44.0,0.0,2640.0
185,65,64,3,3,30,26.6,0.0,798.0
186,23,47,6,2,30,7.6,0.0,228.0
186,23,59,6,2,12,44.0,0.0,528.0
186,67,49,8,2,24,16.0,0.0,384.0
186,67,60,8,2,40,27.2,0.0,1088.0
187,43,40,1,3,10,14.7,0.0,147.0
188,89,34,7,2,35,11.2,0.05000000074505806,372.39999970793724
188,89,77,7,2,30,10.4,0.05000000074505806,296.3999997675419
188,11,21,3,3,14,8.0,0.0,112.0
188,11,40,3,3,10,14.7,0.0,147.0
188,11,51,3,3,3,42.4,0.0,127.19999999999999
189,47,2,4,2,20,15.2,0.10000000149011612,273.5999995470047
189,47,3,4,2,20,8.0,0.10000000149011612,143.99999976158142
189,47,55,4,2,30,19.2,0.10000000149011612,518.3999991416931
189,47,70,4,2,60,12.0,0.10000000149011612,647.9999989271164
190,35,11,1,2,5,16.8,0.0,84.0
190,35,51,1,2,25,42.4,0.0,1060.0
190,35,74,1,2,16,8.0,0.0,128.0
190,62,19,2,2,5,7.3,0.0,36.5
190,62,26,2,2,30,24.9,0.0,747.0
190,62,54,2,2,24,5.9,0.25,106.20000000000002
191,25,59,8,2,30,44.0,0.0,1320.0
191,25,73,8,2,20,12.0,0.20000000298023224,191.99999928474426
192,59,11,6,2,15,16.8,0.25,189.0
192,59,16,6,2,18,13.9,0.0,250.20000000000002
193,35,59,7,2,60,44.0,0.0,2640.0
193,35,68,7,2,30,10.0,0.0,300.0
193,35,75,7,2,36,6.2,0.0,223.20000000000002
193,28,44,8,3,15,15.5,0.15000000596046448,197.624998614192
193,28,77,8,3,7,10.4,0.15000000596046448,61.87999956607818
194,10,25,3,1,60,11.2,0.05000000074505806,638.399999499321
194,10,42,3,1,20,11.2,0.05000000074505806,212.799999833107
195,41,65,4,3,15,16.8,0.10000000149011612,226.79999962449074
195,41,66,4,3,10,13.6,0.10000000149011612,122.39999979734421
195,41,69,4,3,10,28.8,0.10000000149011612,259.19999957084656
195,15,56,4,2,30,30.4,0.0,912.0
196,42,23,3,3,10,7.2,0.0,72.0
196,42,41,3,3,20,7.7,0.0,154.0
196,42,77,3,3,5,10.4,0.0,52.0
197,81,31,7,2,20,10.0,0.05000000074505806,189.9999998509884
197,44,56,7,1,14,30.4,0.0,425.59999999999997
197,44,72,7,1,25,27.8,0.0,695.0
197,44,77,7,1,25,10.4,0.0,260.0
198,35,24,8,2,14,4.5,0.0,63.0
198,35,40,8,2,5,18.4,0.0,92.0
198,35,42,8,2,30,14.0,0.0,420.0
199,46,28,4,2,20,45.6,0.0,912.0
199,46,49,4,2,25,20.0,0.0,500.0
200,41,15,6,1,12,15.5,0.05000000074505806,176.6999998614192
200,41,28,6,1,8,45.6,0.05000000074505806,346.55999972820285
200,6,54,9,3,20,7.45,0.0,149.0
201,58,45,2,1,21,9.5,0.0,199.5
201,58,53,2,1,6,32.8,0.0,196.79999999999998
201,58,67,2,1,30,14.0,0.0,420.0
202,37,14,6,2,70,23.25,0.0,1627.5
202,37,65,6,2,20,21.05,0.0,421.0
202,89,2,4,3,12,19.0,0.0,228.0
202,89,21,4,3,12,10.0,0.0,120.0
202,89,53,4,3,10,32.8,0.0,328.0
202,89,61,4,3,25,28.5,0.0,712.5
203,51,62,3,3,3,49.3,0.0,147.89999999999998
204,39,25,9,2,18,14.0,0.10000000149011612,226.79999962449074
204,39,70,9,2,14,15.0,0.10000000149011612,188.99999968707561
204,3,43,7,1,15,46.0,0.15000000596046448,586.4999958872795
204,3,48,7,1,15,12.75,0.15000000596046448,162.56249886006117
205,56,13,1,2,10,6.0,0.0,60.0
205,56,39,1,2,10,18.0,0.0,180.0
206,6,28,4,1,3,45.6,0.0,136.8
207,71,29,6,3,36,123.79,0.0,4456.4400000000005
207,71,75,6,3,36,7.75,0.10000000149011612,251.0999995842576
207,9,4,4,3,50,22.0,0.15000000596046448,934.9999934434891
207,9,7,4,3,50,30.0,0.15000000596046448,1274.9999910593033
207,9,8,4,3,10,40.0,0.15000000596046448,339.9999976158142
208,21,24,7,2,10,4.5,0.15000000596046448,38.2499997317791
208,21,46,7,2,9,12.0,0.15000000596046448,91.79999935626984
208,21,47,7,2,6,9.5,0.15000000596046448,48.449999660253525
208,21,60,7,2,12,34.0,0.15000000596046448,346.7999975681305
209,86,21,7,1,40,10.0,0.20000000298023224,319.9999988079071
209,86,32,7,1,50,32.0,0.20000000298023224,1279.9999952316284
209,86,61,7,1,15,28.5,0.20000000298023224,341.9999987259507
209,20,20,3,2,39,81.0,0.0,3159.0
209,20,28,3,2,35,45.6,0.0,1596.0
209,20,56,3,2,70,38.0,0.0,2660.0
209,20,65,3,2,39,21.05,0.0,820.95
209,20,75,3,2,50,7.75,0.0,387.5
210,63,9,2,1,16,97.0,0.15000000596046448,1319.1999907493591
210,63,16,2,1,50,17.45,0.0,872.5
210,63,27,2,1,120,43.9,0.0,5268.0
210,63,33,2,1,16,2.5,0.15000000596046448,33.99999976158142
210,63,60,2,1,84,34.0,0.15000000596046448,2427.5999829769135
211,37,18,2,3,25,62.5,0.10000000149011612,1406.2499976716936
211,37,41,2,3,80,9.65,0.10000000149011612,694.7999988496304
211,37,42,2,3,20,14.0,0.0,280.0
211,53,52,3,3,6,7.0,0.0,42.0
211,53,59,3,3,4,55.0,0.0,220.0
211,53,70,3,3,6,15.0,0.0,90.0
212,80,24,4,2,5,4.5,0.0,22.5
212,80,38,4,2,15,263.5,0.0,3952.5
212,80,44,4,2,9,19.45,0.0,175.04999999999998
213,14,10,6,3,16,31.0,0.05000000074505806,471.1999996304512
213,14,56,6,3,40,38.0,0.0,1520.0
213,14,60,6,3,10,34.0,0.05000000074505806,322.99999974668026
214,70,24,7,1,8,4.5,0.0,36.0
214,70,53,7,1,5,32.8,0.0,164.0
214,12,35,8,2,3,18.0,0.0,54.0
214,12,41,8,2,10,9.65,0.0,96.5
214,12,68,8,2,6,12.5,0.0,75.0
215,44,1,4,1,40,18.0,0.20000000298023224,575.9999978542328
215,44,8,4,1,24,40.0,0.0,960.0
215,44,30,4,1,20,25.89,0.20000000298023224,414.23999845683574
215,44,40,4,1,25,18.4,0.20000000298023224,367.9999986290931
216,72,17,7,2,25,39.0,0.10000000149011612,877.4999985471368
216,72,20,7,2,15,81.0,0.10000000149011612,1093.499998189509
216,72,37,7,2,18,26.0,0.10000000149011612,421.19999930262566
216,72,41,7,2,6,9.65,0.10000000149011612,52.109999913722284
216,5,10,1,2,2,31.0,0.0,62.0
216,5,30,1,2,10,25.89,0.0,258.9
216,5,43,1,2,60,46.0,0.0,2760.0
216,5,54,1,2,15,7.45,0.0,111.75
217,9,36,1,2,30,19.0,0.0,570.0
217,9,40,1,2,15,18.4,0.10000000149011612,248.39999958872795
218,87,1,4,2,8,18.0,0.15000000596046448,122.39999914169312
218,87,13,4,2,10,6.0,0.0,60.0
218,87,56,4,2,30,38.0,0.15000000596046448,968.9999932050705
218,63,4,7,1,50,22.0,0.10000000149011612,989.9999983608723
218,63,36,7,1,30,19.0,0.10000000149011612,512.9999991506338
219,32,11,6,2,3,21.0,0.0,63.0
219,32,33,6,2,8,2.5,0.20000000298023224,15.999999940395355
219,32,72,6,2,9,34.8,0.0,313.2
220,50,55,5,2,14,24.0,0.0,336.0
220,50,68,5,2,20,12.5,0.0,250.0
220,50,69,5,2,10,36.0,0.0,360.0
221,59,17,3,2,40,39.0,0.0,1560.0
221,59,43,3,2,25,46.0,0.0,1150.0
221,59,61,3,2,20,28.5,0.0,570.0
221,59,76,3,2,50,18.0,0.0,900.0
221,54,59,7,1,2,55.0,0.0,110.0
222,19,30,7,3,15,25.89,0.0,388.35
222,19,66,7,3,24,17.0,0.0,408.0
223,24,4,8,1,50,22.0,0.05000000074505806,1044.9999991804361
223,24,72,8,1,24,34.8,0.0,835.1999999999999
223,24,73,8,1,24,15.0,0.05000000074505806,341.9999997317791
223,44,30,8,2,10,25.89,0.0,258.9
223,44,40,8,2,10,18.4,0.20000000298023224,147.19999945163727
223,44,54,8,2,10,7.45,0.20000000298023224,59.5999997779727
224,3,11,4,1,50,21.0,0.10000000149011612,944.9999984353781
224,3,40,4,1,10,18.4,0.10000000149011612,165.59999972581863
224,3,57,4,1,5,19.5,0.10000000149011612,87.74999985471368
224,3,59,4,1,15,55.0,0.10000000149011612,742.4999987706542
225,44,12,3,2,15,38.0,0.25,427.5
225,44,31,3,2,20,12.5,0.0,250.0
225,44,33,3,2,30,2.5,0.0,75.0
225,44,60,3,2,35,34.0,0.25,892.5
225,68,31,1,1,30,12.5,0.0,375.0
225,68,51,1,1,6,53.0,0.0,318.0
225,68,58,1,1,20,13.25,0.0,265.0
225,68,72,1,1,21,34.8,0.0,730.8
225,68,73,1,1,9,15.0,0.0,135.0
226,11,70,9,3,7,15.0,0.0,105.0
226,11,72,9,3,1,34.8,0.0,34.8
227,11,13,6,3,8,6.0,0.0,48.0
227,11,21,6,3,15,10.0,0.0,150.0
227,11,33,6,3,15,2.5,0.0,37.5
227,11,49,6,3,6,20.0,0.0,120.0
228,63,3,3,3,60,10.0,0.0,600.0
228,63,26,3,3,40,31.23,0.0,1249.2
228,63,38,3,3,30,263.5,0.0,7905.0
228,63,68,3,3,35,12.5,0.0,437.5
228,34,24,2,1,35,4.5,0.10000000149011612,141.7499997653067
228,34,38,2,1,4,263.5,0.10000000149011612,948.5999984294176
228,34,65,2,1,36,21.05,0.10000000149011612,682.0199988707901
228,34,71,2,1,9,21.5,0.10000000149011612,174.14999971166253
229,39,11,1,3,15,21.0,0.05000000074505806,299.2499997653067
229,39,54,1,3,24,7.45,0.05000000074505806,169.85999986678362
230,46,12,8,2,30,38.0,0.15000000596046448,968.9999932050705
230,46,23,8,2,70,9.0,0.15000000596046448,535.4999962449074
230,48,28,4,1,7,45.6,0.0,319.2
230,48,67,4,1,7,14.0,0.0,98.0
231,43,11,8,2,10,21.0,0.0,210.0
232,84,7,1,3,10,30.0,0.0,300.0
232,84,35,1,3,30,18.0,0.0,540.0
232,84,62,1,3,40,49.3,0.0,1972.0
232,72,32,3,2,24,32.0,0.15000000596046448,652.7999954223633
232,72,36,3,2,60,19.0,0.0,1140.0
233,79,34,3,2,10,14.0,0.25,105.0
233,79,41,3,2,14,9.65,0.0,135.1
234,63,31,5,1,55,12.5,0.15000000596046448,584.3749959021807
234,63,45,5,1,100,9.5,0.15000000596046448,807.4999943375587
234,63,51,5,1,48,53.0,0.15000000596046448,2162.3999848365784
235,30,17,7,3,8,39.0,0.10000000149011612,280.79999953508377
235,30,19,7,3,10,9.2,0.0,92.0
235,30,21,7,3,6,10.0,0.10000000149011612,53.99999991059303
235,30,61,7,3,10,28.5,0.10000000149011612,256.4999995753169
235,28,16,4,3,40,17.45,0.15000000596046448,593.2999958395958
235,28,35,4,3,20,18.0,0.15000000596046448,305.9999978542328
235,28,44,4,3,40,19.45,0.0,778.0
236,35,69,2,1,18,36.0,0.0,648.0
236,35,75,2,1,30,7.75,0.0,232.5
237,87,11,2,2,15,21.0,0.0,315.0
237,87,16,2,2,14,17.45,0.0,244.29999999999998
237,87,22,2,2,24,21.0,0.0,504.0
237,87,31,2,2,30,12.5,0.0,375.0
237,87,35,2,2,6,18.0,0.0,108.0
237,56,16,4,3,30,17.45,0.05000000074505806,497.3249996099621
237,56,23,4,3,20,9.0,0.05000000074505806,170.99999986588955
237,56,62,4,3,20,49.3,0.05000000074505806,936.6999992653728
237,56,77,4,3,10,13.0,0.05000000074505806,123.49999990314245
238,71,14,6,3,30,23.25,0.20000000298023224,557.999997921288
238,71,19,6,3,35,9.2,0.20000000298023224,257.5999990403652
238,71,24,6,3,18,4.5,0.20000000298023224,64.79999975860119
238,71,51,6,3,20,53.0,0.20000000298023224,847.9999968409538
238,71,56,6,3,40,38.0,0.20000000298023224,1215.999995470047
239,73,72,2,1,24,34.8,0.0,835.1999999999999
239,44,64,9,2,30,33.25,0.0,997.5
239,44,75,9,2,20,7.75,0.0,155.0
240,4,47,1,2,25,9.5,0.0,237.5
240,4,51,1,2,20,53.0,0.0,1060.0
240,4,52,1,2,30,7.0,0.0,210.0
240,4,53,1,2,18,32.8,0.0,590.4
240,4,73,1,2,3,15.0,0.0,45.0
241,7,41,6,1,12,9.65,0.05000000074505806,110.00999991372228
241,7,55,6,1,18,24.0,0.05000000074505806,410.3999996781349
242,25,30,8,1,20,25.89,0.0,517.8
242,25,62,8,1,15,49.3,0.25,554.625
242,24,44,2,2,10,19.45,0.0,194.5
242,24,51,2,2,50,53.0,0.0,2650.0
243,66,33,1,1,20,2.5,0.10000000149011612,44.999999925494194
243,66,62,1,1,10,49.3,0.10000000149011612,443.69999926537275
244,67,36,2,2,25,19.0,0.0,475.0
244,67,52,2,2,70,7.0,0.0,490.0
244,65,17,4,3,16,39.0,0.05000000074505806,592.7999995350838
244,65,31,4,3,6,12.5,0.05000000074505806,71.24999994412065
244,65,55,4,3,25,24.0,0.05000000074505806,569.9999995529652
245,51,24,8,2,25,4.5,0.10000000149011612,101.24999983236194
245,51,64,8,2,18,33.25,0.10000000149011612,538.6499991081655
246,7,11,9,1,35,21.0,0.15000000596046448,624.7499956190586
246,7,18,9,1,18,62.5,0.15000000596046448,956.2499932944775
246,7,76,9,1,10,18.0,0.0,180.0
246,37,31,1,1,60,12.5,0.20000000298023224,599.9999977648258
246,37,51,1,1,3,53.0,0.0,159.0
246,37,59,1,1,40,55.0,0.20000000298023224,1759.999993443489
247,29,10,3,3,5,31.0,0.0,155.0
248,65,31,5,1,35,12.5,0.20000000298023224,349.9999986961484
248,65,76,5,1,30,18.0,0.0,540.0
249,51,11,3,3,15,21.0,0.05000000074505806,299.2499997653067
249,51,56,3,3,60,38.0,0.05000000074505806,2165.9999983012676
249,20,14,8,3,11,23.25,0.15000000596046448,217.3874984756112
249,20,42,8,3,28,14.0,0.15000000596046448,333.1999976634979
250,5,16,3,2,12,17.45,0.10000000149011612,188.45999968796966
250,5,32,3,2,10,32.0,0.10000000149011612,287.99999952316284
250,5,40,3,2,50,18.4,0.0,919.9999999999999
250,5,75,3,2,15,7.75,0.10000000149011612,104.624999826774
251,3,17,7,3,18,39.0,0.0,702.0
251,3,34,7,3,40,14.0,0.0,560.0
251,3,53,7,3,25,32.8,0.0,819.9999999999999
251,82,33,4,2,14,2.5,0.0,35.0
251,82,40,4,2,2,18.4,0.0,36.8
251,82,62,4,2,10,49.3,0.0,493.0
251,82,64,4,2,6,33.25,0.0,199.5
252,52,59,5,1,12,55.0,0.0,660.0
252,52,63,5,1,6,43.9,0.0,263.4
252,52,72,5,1,30,34.8,0.0,1044.0
252,52,76,5,1,10,18.0,0.0,180.0
253,80,1,3,3,10,18.0,0.0,180.0
253,80,31,3,3,20,12.5,0.0,250.0
253,80,44,3,3,21,19.45,0.0,408.45
253,82,39,9,2,10,18.0,0.0,180.0
253,82,75,9,2,20,7.75,0.0,155.0
253,82,77,9,2,18,13.0,0.0,234.0
254,11,35,4,3,20,18.0,0.0,360.0
254,11,57,4,3,6,19.5,0.0,117.0
255,45,15,1,2,10,15.5,0.0,155.0
255,45,75,1,2,21,7.75,0.0,162.75
256,56,14,4,3,15,23.25,0.05000000074505806,331.312499740161
256,56,41,4,3,9,9.65,0.05000000074505806,82.50749993529172
256,56,65,4,3,30,21.05,0.05000000074505806,599.9249995294958
256,21,75,3,1,50,7.75,0.20000000298023224,309.99999884516
257,6,57,3,2,4,19.5,0.0,78.0
257,6,76,3,2,14,18.0,0.0,252.0
258,87,29,2,2,10,123.79,0.0,1237.9
258,87,60,2,2,24,34.0,0.15000000596046448,693.599995136261
258,87,69,2,2,10,36.0,0.15000000596046448,305.9999978542328
258,7,31,4,1,50,12.5,0.05000000074505806,593.7499995343387
259,88,47,7,1,15,9.5,0.0,142.5
260,66,52,9,1,4,7.0,0.15000000596046448,23.799999833106995
260,61,26,1,1,6,31.23,0.0,187.38
260,61,35,1,1,20,18.0,0.0,360.0
260,61,77,1,1,20,13.0,0.0,260.0
261,63,18,2,3,40,62.5,0.20000000298023224,1999.9999925494194
261,63,42,2,3,100,14.0,0.20000000298023224,1119.9999958276749
262,32,35,8,2,4,18.0,0.0,72.0
263,51,1,4,3,20,18.0,0.0,360.0
263,51,77,4,3,60,13.0,0.05000000074505806,740.9999994188547
263,83,3,1,1,14,10.0,0.0,140.0
263,83,7,1,1,10,30.0,0.0,300.0
263,83,54,1,1,50,7.45,0.0,372.5
264,44,15,3,1,25,15.5,0.05000000074505806,368.12499971129
264,44,26,3,1,5,31.23,0.05000000074505806,148.3424998836592
265,44,20,7,2,21,81.0,0.20000000298023224,1360.799994930625
265,44,69,7,2,20,36.0,0.20000000298023224,575.9999978542328
265,44,76,7,2,4,18.0,0.20000000298023224,57.59999978542328
265,55,52,3,2,24,7.0,0.0,168.0
265,55,58,3,2,30,13.25,0.0,397.5
266,20,35,2,1,30,18.0,0.25,405.0
266,20,61,2,1,120,28.5,0.25,2565.0
266,20,69,2,1,65,36.0,0.25,1755.0
267,89,56,8,1,5,38.0,0.20000000298023224,151.99999943375587
267,89,63,8,1,24,43.9,0.20000000298023224,842.8799968600273
267,89,75,8,1,30,7.75,0.20000000298023224,185.999999307096
267,59,24,7,3,35,4.5,0.20000000298023224,125.99999953061342
267,59,57,7,3,20,19.5,0.0,390.0
267,59,65,7,3,12,21.05,0.20000000298023224,202.07999924719334
268,65,27,1,3,50,43.9,0.0,2195.0
268,65,71,1,3,9,21.5,0.0,193.5
269,11,62,6,3,10,49.3,0.0,493.0
270,36,54,4,1,4,7.45,0.0,29.8
270,36,73,4,1,30,15.0,0.0,450.0
270,35,13,7,1,60,6.0,0.0,360.0
270,35,59,7,1,35,55.0,0.0,1925.0
271,83,77,8,2,5,13.0,0.25,48.75
272,71,22,8,2,48,21.0,0.0,1008.0
272,71,49,8,2,25,20.0,0.05000000074505806,474.99999962747097
272,28,48,1,1,6,12.75,0.10000000149011612,68.84999988600612
272,28,76,1,1,10,18.0,0.10000000149011612,161.9999997317791
273,51,16,1,2,30,17.45,0.05000000074505806,497.3249996099621
273,51,59,1,2,20,55.0,0.05000000074505806,1044.9999991804361
273,51,60,1,2,70,34.0,0.05000000074505806,2260.999998226762
273,51,71,1,2,15,21.5,0.05000000074505806,306.3749997597188
274,81,4,4,3,20,22.0,0.20000000298023224,351.9999986886978
274,81,55,4,3,20,24.0,0.20000000298023224,383.9999985694885
274,81,62,4,3,10,49.3,0.20000000298023224,394.3999985307455
274,71,7,5,1,45,30.0,0.0,1350.0
274,71,17,5,1,100,39.0,0.0,3900.0
274,71,33,5,1,14,2.5,0.0,35.0
274,71,40,5,1,42,18.4,0.0,772.8
274,71,72,5,1,12,34.8,0.0,417.59999999999997
275,79,56,4,2,28,38.0,0.0,1064.0
276,18,1,7,2,3,18.0,0.0,54.0
276,18,10,7,2,10,31.0,0.0,310.0
276,18,21,7,2,6,10.0,0.0,60.0
277,41,36,8,1,21,19.0,0.25,299.25
277,91,1,6,2,6,18.0,0.0,108.0
277,91,2,6,2,10,19.0,0.0,190.0
277,91,60,6,2,15,34.0,0.0,510.0
278,71,10,1,2,70,31.0,0.0,2170.0
278,71,36,1,2,55,19.0,0.0,1045.0
278,71,49,1,2,18,20.0,0.0,360.0
278,71,60,1,2,40,34.0,0.0,1360.0
278,71,76,1,2,80,18.0,0.0,1440.0
279,35,13,4,2,8,6.0,0.10000000149011612,43.199999928474426
279,35,75,4,2,40,7.75,0.0,310.0
279,6,11,8,3,14,21.0,0.0,294.0
279,6,21,8,3,8,10.0,0.0,80.0
279,6,39,8,3,5,18.0,0.0,90.0
280,90,55,2,3,5,24.0,0.0,120.0
281,32,38,1,2,15,263.5,0.05000000074505806,3754.874997055158
281,32,56,1,2,14,38.0,0.0,532.0
281,32,70,1,2,15,15.0,0.05000000074505806,213.74999983236194
281,32,71,1,2,15,21.5,0.05000000074505806,306.3749997597188
281,32,59,4,2,30,55.0,0.15000000596046448,1402.4999901652336
282,51,6,1,1,70,25.0,0.0,1750.0
282,51,56,1,1,20,38.0,0.0,760.0
282,51,68,1,1,15,12.5,0.0,187.5
283,51,21,3,3,42,10.0,0.0,420.0
283,51,22,3,3,40,21.0,0.0,840.0
284,42,24,2,3,5,4.5,0.0,22.5
284,42,52,2,3,5,7.0,0.0,35.0
284,38,19,4,2,5,9.2,0.0,46.0
284,38,23,4,2,10,9.0,0.0,90.0
284,38,70,4,2,20,15.0,0.0,300.0
284,38,71,4,2,15,21.5,0.0,322.5
285,67,2,4,3,20,19.0,0.0,380.0
285,67,68,4,3,18,12.5,0.20000000298023224,179.99999932944775
286,25,14,8,2,21,23.25,0.0,488.25
286,25,19,8,2,15,9.2,0.10000000149011612,124.19999979436398
286,25,21,8,2,25,10.0,0.10000000149011612,224.99999962747097
286,25,24,8,2,3,4.5,0.0,13.5
286,25,35,8,2,30,18.0,0.10000000149011612,485.9999991953373
286,78,28,4,2,10,45.6,0.0,456.0
286,78,29,4,2,6,123.79,0.0,742.74
286,78,44,4,2,10,19.45,0.0,194.5
287,2,14,3,1,3,23.25,0.0,69.75
287,2,42,3,1,5,14.0,0.0,70.0
287,2,60,3,1,10,34.0,0.0,340.0
288,5,53,1,2,12,32.8,0.0,393.59999999999997
288,5,60,1,2,20,34.0,0.0,680.0
288,5,71,1,2,20,21.5,0.0,430.0
288,71,62,8,3,15,49.3,0.0,739.5
288,71,73,8,3,35,15.0,0.15000000596046448,446.24999687075615
289,7,1,4,3,25,18.0,0.0,450.0
289,30,29,4,3,20,123.79,0.0,2475.8
289,30,64,4,3,9,33.25,0.0,299.25
290,39,55,1,2,12,24.0,0.05000000074505806,273.5999997854233
290,39,76,1,2,35,18.0,0.0,630.0
291,41,75,8,1,8,7.75,0.10000000149011612,55.7999999076128
291,86,2,8,1,30,19.0,0.05000000074505806,541.4999995753169
291,86,33,8,1,20,2.5,0.05000000074505806,47.4999999627471
292,20,12,7,3,36,38.0,0.15000000596046448,1162.7999918460846
292,20,13,7,3,13,6.0,0.15000000596046448,66.29999953508377
292,20,26,7,3,35,31.23,0.15000000596046448,929.0924934849143
292,20,62,7,3,80,49.3,0.15000000596046448,3352.399976491928
292,23,7,4,3,35,30.0,0.0,1050.0
292,23,18,4,3,50,62.5,0.0,3125.0
292,23,51,4,3,15,53.0,0.0,795.0
292,23,75,4,3,2,7.75,0.0,15.5
293,49,4,8,3,10,22.0,0.10000000149011612,197.99999967217445
293,49,5,8,3,15,21.35,0.10000000149011612,288.2249995227903
293,49,22,8,3,40,21.0,0.0,840.0
294,87,4,4,1,25,22.0,0.0,550.0
294,87,58,4,1,6,13.25,0.0,79.5
294,62,11,6,1,10,21.0,0.0,210.0
294,62,50,6,1,25,16.25,0.05000000074505806,385.93749969732016
294,62,56,6,1,60,38.0,0.05000000074505806,2165.9999983012676
295,47,45,3,1,20,9.5,0.0,190.0
295,47,65,3,1,21,21.05,0.0,442.05
295,47,72,3,1,60,34.8,0.0,2088.0
295,70,18,7,3,8,62.5,0.0,500.0
296,86,69,4,1,20,36.0,0.25,540.0
296,86,70,4,1,15,15.0,0.25,168.75
297,35,2,4,2,50,19.0,0.0,950.0
297,35,40,4,2,60,18.4,0.0,1104.0
297,73,21,7,3,30,10.0,0.20000000298023224,239.99999910593033
297,73,61,7,3,20,28.5,0.20000000298023224,455.9999983012676
298,1,28,6,1,15,45.6,0.25,513.0
298,1,39,6,1,21,18.0,0.25,283.5
298,1,46,6,1,2,12.0,0.25,18.0
298,88,18,3,2,4,62.5,0.10000000149011612,224.99999962747097
298,88,43,3,2,20,46.0,0.0,920.0
298,88,46,3,2,21,12.0,0.10000000149011612,226.79999962449074
299,34,18,4,1,20,62.5,0.0,1250.0
299,34,36,4,1,15,19.0,0.0,285.0
300,37,1,9,3,15,18.0,0.25,202.5
300,37,10,9,3,18,31.0,0.25,418.5
300,37,71,9,3,30,21.5,0.25,483.75
300,37,77,9,3,35,13.0,0.25,341.25
300,61,19,4,2,30,9.2,0.0,276.0
300,61,39,4,2,20,18.0,0.0,360.0
301,67,22,5,2,15,21.0,0.0,315.0
301,67,24,5,2,15,4.5,0.15000000596046448,57.37499959766865
301,50,28,5,3,20,45.6,0.0,912.0
301,50,72,5,3,15,34.8,0.0,522.0
302,21,30,5,3,30,25.89,0.0,776.7
302,21,53,5,3,25,32.8,0.05000000074505806,778.9999993890523
302,21,54,5,3,30,7.45,0.0,223.5
303,86,19,8,2,12,9.2,0.25,82.8
303,86,22,8,2,20,21.0,0.25,315.0
303,31,30,4,2,2,25.89,0.25,38.835
303,31,42,4,2,20,14.0,0.0,280.0
304,25,16,1,1,30,17.45,0.10000000149011612,471.1499992199242
304,25,60,1,1,20,34.0,0.10000000149011612,611.999998986721
304,5,4,5,1,12,22.0,0.10000000149011612,237.59999960660934
304,5,39,5,1,20,18.0,0.10000000149011612,323.9999994635582
304,5,54,5,1,6,7.45,0.10000000149011612,40.22999993339181
305,66,41,1,2,20,9.65,0.20000000298023224,154.39999942481518
306,32,14,6,1,3,23.25,0.10000000149011612,62.7749998960644
306,32,44,6,1,28,19.45,0.10000000149011612,490.13999918848276
306,32,47,6,1,6,9.5,0.10000000149011612,51.29999991506338
306,71,15,2,2,50,15.5,0.0,775.0
306,71,41,2,2,24,9.65,0.0,231.60000000000002
306,71,46,2,2,45,12.0,0.0,540.0
306,71,47,2,2,10,9.5,0.0,95.0
306,71,56,2,2,45,38.0,0.0,1710.0
306,71,60,2,2,30,34.0,0.0,1020.0
307,63,21,4,1,60,10.0,0.0,600.0
307,63,40,4,1,70,18.4,0.05000000074505806,1223.5999990403652
307,63,60,4,1,55,34.0,0.05000000074505806,1776.4999986067414
307,63,77,4,1,70,13.0,0.05000000074505806,864.4999993219972
307,62,31,7,2,20,12.5,0.05000000074505806,237.49999981373549
307,62,40,7,2,24,18.4,0.05000000074505806,419.5199996709823
307,62,70,7,2,40,15.0,0.05000000074505806,569.9999995529652
308,36,20,8,1,21,81.0,0.0,1701.0
309,37,39,7,3,3,18.0,0.20000000298023224,43.19999983906746
309,37,58,7,3,49,13.25,0.20000000298023224,519.3999980650842
309,48,68,3,2,10,12.5,0.0,125.0
310,9,40,2,2,30,18.4,0.05000000074505806,524.399999588728
310,9,42,2,2,30,14.0,0.05000000074505806,398.9999996870756
310,9,51,2,2,20,53.0,0.05000000074505806,1006.9999992102385
310,28,10,1,3,24,31.0,0.15000000596046448,632.3999955654144
310,28,56,1,3,12,38.0,0.15000000596046448,387.5999972820282
310,28,65,1,3,15,21.05,0.15000000596046448,268.38749811798334
311,48,51,1,2,20,53.0,0.0,1060.0
311,48,59,1,2,1,55.0,0.0,55.0
311,48,76,1,2,10,18.0,0.0,180.0
312,68,29,7,2,36,123.79,0.0,4456.4400000000005
312,68,65,7,2,10,21.05,0.0,210.5
312,20,69,7,1,45,36.0,0.20000000298023224,1295.9999951720238
312,20,71,7,1,14,21.5,0.20000000298023224,240.7999991029501
313,86,31,1,2,8,12.5,0.10000000149011612,89.99999985098839
313,86,55,1,2,4,24.0,0.10000000149011612,86.39999985694885
313,86,64,1,2,15,33.25,0.10000000149011612,448.8749992568046
313,73,36,2,1,30,19.0,0.0,570.0
314,25,23,4,1,32,9.0,0.0,288.0
314,25,46,4,1,60,12.0,0.0,720.0
314,25,67,4,1,25,14.0,0.0,350.0
314,25,73,4,1,50,15.0,0.0,750.0
314,25,75,4,1,25,7.75,0.0,193.75
315,26,16,1,1,10,17.45,0.0,174.5
315,26,62,1,1,10,49.3,0.0,493.0
315,26,65,1,1,12,21.05,0.0,252.60000000000002
315,5,38,9,2,15,263.5,0.10000000149011612,3557.249994110316
315,5,71,9,2,12,21.5,0.0,258.0
316,90,16,2,1,3,17.45,0.0,52.349999999999994
316,90,42,2,1,6,14.0,0.0,84.0
316,90,43,2,1,6,46.0,0.0,276.0
316,38,23,4,2,5,9.0,0.0,45.0
317,25,14,5,2,30,23.25,0.0,697.5
317,25,53,5,2,10,32.8,0.0,328.0
317,25,58,5,2,30,13.25,0.0,397.5
318,80,10,2,2,2,31.0,0.0,62.0
318,80,19,2,2,7,9.2,0.0,64.39999999999999
318,80,44,2,2,21,19.45,0.0,408.45
318,3,26,1,3,30,31.23,0.15000000596046448,796.3649944156408
318,3,33,1,3,8,2.5,0.15000000596046448,16.99999988079071
319,71,12,7,3,100,38.0,0.0,3800.0
319,71,33,7,3,30,2.5,0.0,75.0
319,71,41,7,3,120,9.65,0.0,1158.0
319,71,54,7,3,30,7.45,0.0,223.5
319,7,59,8,3,12,55.0,0.0,660.0
320,55,16,1,1,50,17.45,0.25,654.375
320,55,31,1,1,20,12.5,0.25,187.5
320,55,42,1,1,40,14.0,0.25,420.0
321,32,19,3,3,30,9.2,0.10000000149011612,248.39999958872795
321,32,21,3,3,12,10.0,0.10000000149011612,107.99999982118607
321,32,64,3,3,28,33.25,0.0,931.0
321,3,33,3,2,30,2.5,0.0,75.0
321,3,66,3,2,4,17.0,0.0,68.0
321,3,75,3,2,30,7.75,0.0,232.5
322,18,52,2,1,9,7.0,0.0,63.0
322,56,40,3,1,20,18.4,0.0,368.0
322,56,47,3,1,40,9.5,0.0,380.0
322,56,60,3,1,30,34.0,0.0,1020.0
323,31,10,4,2,20,31.0,0.0,620.0
323,31,41,4,2,4,9.65,0.0,38.6
323,31,47,4,2,15,9.5,0.0,142.5
324,59,17,2,1,30,39.0,0.20000000298023224,935.9999965131283
324,59,26,2,1,15,31.23,0.0,468.45
324,37,9,9,2,50,97.0,0.25,3637.5
324,37,29,9,2,10,123.79,0.0,1237.9
324,37,36,9,2,6,19.0,0.25,85.5
325,83,10,4,2,18,31.0,0.10000000149011612,502.1999991685152
325,83,28,4,2,60,45.6,0.10000000149011612,2462.3999959230423
325,83,34,4,2,14,14.0,0.0,196.0
325,5,1,1,2,35,18.0,0.25,472.5
326,34,56,1,1,20,38.0,0.25,570.0
326,34,77,1,1,30,13.0,0.25,292.5
327,63,1,2,2,30,18.0,0.0,540.0
327,63,29,2,2,40,123.79,0.0,4951.6
327,63,43,2,2,40,46.0,0.0,1840.0
327,63,44,2,2,24,19.45,0.0,466.79999999999995
327,63,62,2,2,48,49.3,0.0,2366.3999999999996
327,1,63,4,2,20,43.9,0.0,878.0
328,89,9,3,3,6,97.0,0.0,582.0
328,89,54,3,3,60,7.45,0.15000000596046448,379.9499973356724
328,89,69,3,3,30,36.0,0.15000000596046448,917.9999935626984
328,89,73,3,3,15,15.0,0.15000000596046448,191.2499986588955
328,63,7,8,3,90,30.0,0.0,2700.0
328,63,59,8,3,25,55.0,0.0,1375.0
328,63,70,8,3,50,15.0,0.0,750.0
329,90,8,7,1,10,40.0,0.0,400.0
329,90,12,7,1,4,38.0,0.0,152.0
329,90,24,7,1,20,4.5,0.0,90.0
330,89,17,8,3,20,39.0,0.0,780.0
330,89,46,8,3,18,12.0,0.0,216.0
330,47,19,3,1,7,9.2,0.25,48.3
330,47,35,3,1,9,18.0,0.25,121.5
330,47,58,3,1,30,13.25,0.25,298.125
330,47,70,3,1,30,15.0,0.25,337.5
331,20,11,4,1,15,21.0,0.0,315.0
331,20,17,4,1,8,39.0,0.05000000074505806,296.3999997675419
331,20,29,4,1,12,123.79,0.05000000074505806,1411.2059988932313
331,20,65,4,1,65,21.05,0.05000000074505806,1299.8374989805743
331,20,70,4,1,8,15.0,0.05000000074505806,113.99999991059303
331,52,47,3,3,12,9.5,0.0,114.0
332,71,1,3,1,5,18.0,0.20000000298023224,71.9999997317791
332,71,34,3,1,12,14.0,0.20000000298023224,134.39999949932098
332,71,68,3,1,40,12.5,0.20000000298023224,399.9999985098839
332,71,71,3,1,60,21.5,0.20000000298023224,1031.9999961555004
333,37,59,6,3,42,55.0,0.15000000596046448,1963.499986231327
333,37,71,6,3,20,21.5,0.15000000596046448,365.4999974370003
333,37,76,6,3,35,18.0,0.15000000596046448,535.4999962449074
333,1,3,4,1,6,10.0,0.0,60.0
333,1,76,4,1,15,18.0,0.0,270.0
334,24,2,6,2,5,19.0,0.0,95.0
334,24,59,6,2,35,55.0,0.0,1925.0
334,24,73,6,2,35,15.0,0.0,525.0
334,62,4,6,1,6,22.0,0.0,132.0
334,62,24,6,1,35,4.5,0.0,157.5
334,62,48,6,1,24,12.75,0.0,306.0
335,35,31,9,2,20,12.5,0.0,250.0
335,35,32,9,2,4,32.0,0.0,128.0
336,55,16,8,3,20,17.45,0.0,349.0
336,55,43,8,3,24,46.0,0.0,1104.0
336,55,59,8,3,8,55.0,0.0,440.0
336,4,55,4,3,21,24.0,0.0,504.0
336,4,57,4,3,40,19.5,0.0,780.0
336,4,70,4,3,28,15.0,0.15000000596046448,356.9999974966049
337,77,5,6,2,4,21.35,0.0,85.4
337,77,36,6,2,5,19.0,0.0,95.0
337,31,8,1,3,40,40.0,0.0,1600.0
337,31,51,1,3,28,53.0,0.0,1484.0
337,31,60,1,3,10,34.0,0.0,340.0
338,27,19,1,1,5,9.2,0.0,46.0
338,27,47,1,1,5,9.5,0.0,47.5
339,71,19,5,2,12,9.2,0.0,110.39999999999999
339,71,41,5,2,42,9.65,0.0,405.3
339,71,53,5,2,120,32.8,0.0,3935.9999999999995
339,37,53,3,1,3,32.8,0.05000000074505806,93.47999992668628
339,37,56,3,1,30,38.0,0.0,1140.0
340,71,10,1,1,18,31.0,0.0,558.0
340,71,26,1,1,30,31.23,0.0,936.9
340,71,45,1,1,110,9.5,0.0,1045.0
340,71,46,1,1,24,12.0,0.0,288.0
340,71,2,5,3,30,19.0,0.25,427.5
340,71,17,5,3,27,39.0,0.25,789.75
340,71,47,5,3,50,9.5,0.25,356.25
340,71,56,5,3,18,38.0,0.25,513.0
340,71,58,5,3,12,13.25,0.25,119.25
341,9,10,3,1,21,31.0,0.0,651.0
341,9,71,3,1,30,21.5,0.0,645.0
342,64,21,4,2,5,10.0,0.0,50.0
342,64,51,4,2,7,53.0,0.0,371.0
342,64,61,4,2,10,28.5,0.0,285.0
342,25,21,1,2,32,10.0,0.05000000074505806,303.9999997615814
342,25,54,1,2,15,7.45,0.0,111.75
342,25,69,1,2,25,36.0,0.05000000074505806,854.9999993294477
343,39,12,1,3,36,38.0,0.0,1368.0
343,39,16,1,3,20,17.45,0.0,349.0
343,39,36,1,3,40,19.0,0.0,760.0
343,39,62,1,3,20,49.3,0.0,986.0
343,45,18,8,2,12,62.5,0.25,562.5
343,45,30,8,2,3,25.89,0.25,58.2525
343,45,54,8,2,40,7.45,0.25,223.5
344,61,35,8,2,21,18.0,0.0,378.0
344,61,71,8,2,8,21.5,0.0,172.0
345,63,44,5,3,50,19.45,0.05000000074505806,923.874999275431
345,71,2,8,1,3,19.0,0.0,57.0
345,71,31,8,1,50,12.5,0.0,625.0
345,71,68,8,1,45,12.5,0.0,562.5
345,71,75,8,1,42,7.75,0.0,325.5
346,89,26,3,1,15,31.23,0.0,468.45
346,51,10,8,2,16,31.0,0.0,496.0
346,51,61,8,2,5,28.5,0.0,142.5
347,21,41,4,3,12,9.65,0.0,115.80000000000001
347,21,52,4,3,4,7.0,0.0,28.0
347,21,55,4,3,6,24.0,0.0,144.0
348,19,4,4,1,25,22.0,0.0,550.0
348,19,11,4,1,5,21.0,0.0,105.0
348,66,17,2,1,20,39.0,0.05000000074505806,740.9999994188547
348,66,56,2,1,10,38.0,0.05000000074505806,360.99999971687794
348,66,59,2,1,10,55.0,0.05000000074505806,522.4999995902181
349,62,30,4,2,15,25.89,0.0,388.35
349,62,40,4,2,6,18.4,0.0,110.39999999999999
349,62,55,4,2,12,24.0,0.0,288.0
349,62,60,4,2,15,34.0,0.0,510.0
349,47,1,8,3,50,18.0,0.0,900.0
349,47,21,8,3,30,10.0,0.0,300.0
349,47,50,8,3,40,16.25,0.0,650.0
350,9,16,5,1,15,17.45,0.05000000074505806,248.66249980498105
350,9,31,5,1,3,12.5,0.05000000074505806,35.62499997206032
350,9,65,5,1,10,21.05,0.05000000074505806,199.97499984316528
351,14,21,7,1,40,10.0,0.05000000074505806,379.9999997019768
351,14,51,7,1,30,53.0,0.05000000074505806,1510.4999988153577
351,9,76,3,1,20,18.0,0.0,360.0
352,5,14,1,3,16,23.25,0.0,372.0
352,5,28,1,3,20,45.6,0.0,912.0
352,5,52,1,3,25,7.0,0.0,175.0
352,31,6,2,3,30,25.0,0.0,750.0
352,31,30,2,3,15,25.89,0.0,388.35
352,31,76,2,3,20,18.0,0.0,360.0
353,45,61,6,2,20,28.5,0.10000000149011612,512.9999991506338
353,45,77,6,2,2,13.0,0.10000000149011612,23.39999996125698
354,37,65,9,2,40,21.05,0.0,842.0
354,37,75,9,2,20,7.75,0.0,155.0
354,85,13,2,2,4,6.0,0.0,24.0
354,85,41,2,2,12,9.65,0.0,115.80000000000001
355,74,16,2,1,3,17.45,0.0,52.349999999999994
355,85,36,3,3,6,19.0,0.0,114.0
355,85,52,3,3,18,7.0,0.0,126.0
356,89,28,4,2,5,45.6,0.20000000298023224,182.39999932050705
356,89,35,4,2,35,18.0,0.20000000298023224,503.9999981224537
356,89,45,4,2,40,9.5,0.20000000298023224,303.99999886751175
356,89,56,4,2,14,38.0,0.20000000298023224,425.59999841451645
357,4,2,4,3,15,19.0,0.20000000298023224,227.9999991506338
357,10,3,3,3,20,10.0,0.0,200.0
357,10,60,3,3,50,34.0,0.0,1700.0
357,10,72,3,3,35,34.8,0.0,1218.0
358,4,46,1,2,28,12.0,0.05000000074505806,319.1999997496605
358,83,40,6,1,50,18.4,0.20000000298023224,735.9999972581862
359,63,18,9,1,24,62.5,0.0,1500.0
359,63,44,9,1,16,19.45,0.0,311.2
359,63,59,9,1,45,55.0,0.0,2475.0
359,63,72,9,1,7,34.8,0.0,243.59999999999997
360,14,13,1,3,6,6.0,0.0,36.0
360,14,42,1,3,28,14.0,0.0,392.0
360,14,62,1,3,9,49.3,0.0,443.7
360,14,69,1,3,40,36.0,0.0,1440.0
360,59,31,6,1,8,12.5,0.0,100.0
360,59,41,6,1,35,9.65,0.0,337.75
360,59,63,6,1,9,43.9,0.0,395.09999999999997
360,59,69,6,1,30,36.0,0.0,1080.0
361,71,23,3,1,44,9.0,0.0,396.0
361,71,40,3,1,40,18.4,0.0,736.0
361,71,56,3,1,28,38.0,0.0,1064.0
361,38,56,4,2,15,38.0,0.0,570.0
361,38,59,4,2,6,55.0,0.0,330.0
361,38,76,4,2,10,18.0,0.0,180.0
362,87,14,9,1,5,23.25,0.15000000596046448,98.812499307096
362,87,45,9,1,40,9.5,0.15000000596046448,322.9999977350235
362,87,59,9,1,25,55.0,0.15000000596046448,1168.7499918043613
363,68,26,3,3,12,31.23,0.10000000149011612,337.28399944156405
363,68,30,3,3,30,25.89,0.0,776.7
363,68,50,3,3,20,16.25,0.10000000149011612,292.49999951571226
363,68,73,3,3,15,15.0,0.0,225.0
363,53,1,2,3,8,18.0,0.0,144.0
363,53,69,2,3,3,36.0,0.0,108.0
364,27,45,3,1,4,9.5,0.0,38.0
364,27,74,3,1,5,10.0,0.0,50.0
364,49,40,6,3,3,18.4,0.0,55.199999999999996
365,9,47,4,2,30,9.5,0.25,213.75
365,9,56,4,2,30,38.0,0.25,855.0
365,9,57,4,2,14,19.5,0.25,204.75
365,9,69,4,2,25,36.0,0.25,675.0
366,75,18,8,2,21,62.5,0.20000000298023224,1049.9999960884452
366,75,36,8,2,20,19.0,0.20000000298023224,303.99999886751175
366,75,68,8,2,6,12.5,0.20000000298023224,59.99999977648258
366,75,69,8,2,20,36.0,0.20000000298023224,575.9999978542328
366,71,34,6,1,30,14.0,0.0,420.0
366,71,59,6,1,7,55.0,0.0,385.0
366,71,62,6,1,30,49.3,0.0,1479.0
366,71,64,6,1,24,33.25,0.0,798.0
367,68,26,3,3,20,31.23,0.0,624.6
367,68,52,3,3,60,7.0,0.0,420.0
367,68,70,3,3,40,15.0,0.0,600.0
367,2,32,3,3,10,32.0,0.0,320.0
368,50,25,4,1,12,14.0,0.25,126.0
368,50,27,4,1,40,43.9,0.0,1756.0
368,50,43,4,1,30,46.0,0.25,1035.0
369,65,25,5,2,35,14.0,0.25,367.5
369,65,75,5,2,18,7.75,0.0,139.5
369,24,39,3,1,16,18.0,0.0,288.0
369,24,47,3,1,30,9.5,0.0,285.0
369,24,51,3,1,28,53.0,0.0,1484.0
369,24,56,3,1,60,38.0,0.0,2280.0
370,23,21,3,3,40,10.0,0.0,400.0
370,23,22,3,3,6,21.0,0.0,126.0
370,23,24,3,3,20,4.5,0.0,90.0
370,20,3,6,3,20,10.0,0.10000000149011612,179.99999970197678
370,20,39,6,3,130,18.0,0.10000000149011612,2105.9999965131283
371,63,65,3,3,80,21.05,0.10000000149011612,1515.5999974906445
372,56,2,4,1,40,19.0,0.0,760.0
372,56,7,4,1,35,30.0,0.0,1050.0
372,56,68,4,1,40,12.5,0.0,500.0
372,76,42,4,3,2,14.0,0.0,28.0
373,4,22,3,2,4,21.0,0.0,84.0
373,4,31,3,2,50,12.5,0.0,625.0
373,4,60,3,2,15,34.0,0.0,510.0
373,4,71,3,2,12,21.5,0.0,258.0
373,83,41,3,1,30,9.65,0.05000000074505806,275.0249997843057
373,83,52,3,1,15,7.0,0.05000000074505806,99.7499999217689
373,83,61,3,1,20,28.5,0.0,570.0
373,83,62,3,1,15,49.3,0.0,739.5
374,34,11,8,3,15,21.0,0.25,236.25
375,20,71,9,2,16,21.5,0.0,344.0
375,44,29,3,2,18,123.79,0.0,2228.2200000000003
375,44,59,3,2,25,55.0,0.0,1375.0
376,20,17,1,3,33,39.0,0.0,1287.0
376,20,31,1,3,70,12.5,0.20000000298023224,699.9999973922968
376,20,75,1,3,7,7.75,0.20000000298023224,43.3999998383224
376,24,31,4,1,2,12.5,0.25,18.75
376,24,66,4,1,50,17.0,0.0,850.0
377,78,10,7,1,6,31.0,0.0,186.0
377,78,67,7,1,3,14.0,0.0,42.0
378,20,31,1,3,16,12.5,0.05000000074505806,189.9999998509884
378,20,42,1,3,12,14.0,0.05000000074505806,159.59999987483025
378,20,45,1,3,27,9.5,0.05000000074505806,243.6749998088926
378,20,51,1,3,120,53.0,0.05000000074505806,6041.999995261431
378,31,42,7,2,20,14.0,0.20000000298023224,223.99999916553497
379,5,41,3,1,10,9.65,0.0,96.5
379,52,16,3,2,20,17.45,0.0,349.0
379,52,62,3,2,20,49.3,0.0,986.0
379,46,70,2,1,35,15.0,0.0,525.0
379,46,77,2,1,15,13.0,0.0,195.0
380,87,54,2,3,3,7.45,0.20000000298023224,17.87999993339181
380,87,56,2,3,20,38.0,0.20000000298023224,607.9999977350235
380,87,74,2,3,35,10.0,0.0,350.0
380,12,31,9,3,1,12.5,0.0,12.5
381,34,31,4,2,10,12.5,0.0,125.0
381,34,38,4,2,5,263.5,0.0,1317.5
381,49,36,4,3,30,19.0,0.0,570.0
381,49,39,4,3,2,18.0,0.15000000596046448,30.59999978542328
381,49,72,4,3,30,34.8,0.15000000596046448,887.3999937772751
381,33,10,1,3,10,31.0,0.0,310.0
381,33,75,1,3,10,7.75,0.0,77.5
382,62,8,8,1,30,40.0,0.20000000298023224,959.9999964237213
382,62,30,8,1,15,25.89,0.20000000298023224,310.67999884262684
382,62,75,8,1,42,7.75,0.20000000298023224,260.3999990299344
382,41,2,2,1,15,19.0,0.05000000074505806,270.74999978765845
382,41,29,2,1,20,123.79,0.05000000074505806,2352.0099981553853
383,63,19,1,2,50,9.2,0.05000000074505806,436.99999965727324
383,63,75,1,2,40,7.75,0.05000000074505806,294.499999769032
383,23,18,1,2,30,62.5,0.0,1875.0
383,23,35,1,2,15,18.0,0.0,270.0
383,23,63,1,2,30,43.9,0.0,1317.0
383,23,68,1,2,18,12.5,0.0,225.0
383,31,7,6,1,3,30.0,0.15000000596046448,76.4999994635582
383,31,56,6,1,20,38.0,0.15000000596046448,645.999995470047
384,25,29,6,2,14,123.79,0.05000000074505806,1646.4069987087698
384,25,41,6,2,20,9.65,0.05000000074505806,183.3499998562038
384,91,2,1,3,10,19.0,0.0,190.0
384,91,54,1,3,3,7.45,0.0,22.35
384,91,68,1,3,15,12.5,0.0,187.5
385,4,41,3,3,14,9.65,0.0,135.1
385,4,52,3,3,8,7.0,0.0,56.0
385,61,14,6,1,15,23.25,0.20000000298023224,278.999998960644
385,61,54,6,1,6,7.45,0.20000000298023224,35.75999986678362
385,20,16,8,2,65,17.45,0.0,1134.25
385,20,17,8,2,35,39.0,0.25,1023.75
386,35,26,3,1,21,31.23,0.20000000298023224,524.6639980454743
386,35,44,3,1,10,19.45,0.0,194.5
386,35,64,3,1,35,33.25,0.20000000298023224,930.9999965317547
386,35,69,3,1,24,36.0,0.20000000298023224,691.1999974250793
386,17,11,7,2,20,21.0,0.0,420.0
387,38,62,2,1,2,49.3,0.0,98.6
387,38,72,2,1,10,34.8,0.0,348.0
387,39,13,9,3,20,6.0,0.15000000596046448,101.99999928474426
387,39,24,9,3,20,4.5,0.15000000596046448,76.4999994635582
387,39,59,9,3,25,55.0,0.0,1375.0
387,72,11,1,3,50,21.0,0.10000000149011612,944.9999984353781
387,72,51,1,3,10,53.0,0.10000000149011612,476.99999921023846
387,72,54,1,3,7,7.45,0.10000000149011612,46.934999922290444
388,8,17,4,2,40,39.0,0.25,1170.0
388,8,29,4,2,20,123.79,0.25,1856.8500000000001
388,73,30,4,2,25,25.89,0.25,485.4375
388,73,51,4,2,30,53.0,0.25,1192.5
388,73,55,4,2,60,24.0,0.25,1080.0
388,73,62,4,2,5,49.3,0.25,184.875
389,88,19,4,1,24,9.2,0.05000000074505806,209.75999983549116
389,88,25,4,1,15,14.0,0.05000000074505806,199.4999998435378
389,88,59,4,1,15,55.0,0.05000000074505806,783.7499993853271
389,72,10,6,2,36,31.0,0.0,1116.0
389,72,28,6,2,24,45.6,0.0,1094.4
389,72,49,6,2,4,20.0,0.15000000596046448,67.99999952316284
389,77,34,2,3,10,14.0,0.0,140.0
389,77,38,2,3,10,263.5,0.0,2635.0
390,84,2,3,2,20,19.0,0.25,285.0
390,84,65,3,2,2,21.05,0.0,42.1
390,84,74,3,2,15,10.0,0.25,112.5
390,27,40,4,1,1,18.4,0.0,18.4
391,55,56,2,3,20,38.0,0.15000000596046448,645.999995470047
391,55,76,2,3,50,18.0,0.15000000596046448,764.999994635582
391,88,52,7,1,20,7.0,0.0,140.0
391,42,13,2,3,7,6.0,0.0,42.0
391,42,25,2,3,5,14.0,0.0,70.0
391,42,70,2,3,5,15.0,0.0,75.0
392,47,19,8,1,15,9.2,0.0,138.0
392,47,23,8,1,18,9.0,0.0,162.0
392,47,40,8,1,30,18.4,0.0,552.0
392,66,31,5,1,16,12.5,0.10000000149011612,179.99999970197678
392,66,72,5,1,40,34.8,0.10000000149011612,1252.7999979257584
392,66,77,5,1,20,13.0,0.0,260.0
393,67,2,1,1,12,19.0,0.20000000298023224,182.39999932050705
393,67,46,1,1,35,12.0,0.0,420.0
393,84,41,3,3,20,9.65,0.0,193.0
393,84,43,3,3,20,46.0,0.15000000596046448,781.9999945163727
393,84,48,3,3,8,12.75,0.15000000596046448,86.69999939203262
393,84,61,3,3,30,28.5,0.15000000596046448,726.7499949038029
393,71,33,2,3,16,2.5,0.0,40.0
394,32,38,4,2,30,263.5,0.05000000074505806,7509.749994110316
394,32,62,4,2,20,49.3,0.05000000074505806,936.6999992653728
394,39,26,3,2,40,31.23,0.15000000596046448,1061.8199925541878
394,39,38,3,2,30,263.5,0.0,7905.0
394,39,40,3,2,60,18.4,0.15000000596046448,938.3999934196472
394,39,62,3,2,25,49.3,0.15000000596046448,1047.6249926537275
395,49,32,7,3,20,32.0,0.0,640.0
395,49,41,7,3,20,9.65,0.0,193.0
395,12,43,2,3,7,46.0,0.0,322.0
395,12,75,2,3,20,7.75,0.0,155.0
395,65,56,3,2,30,38.0,0.0,1140.0
396,75,35,1,1,20,18.0,0.0,360.0
396,75,51,1,1,6,53.0,0.0,318.0
396,82,62,6,3,3,49.3,0.0,147.89999999999998
396,82,70,6,3,6,15.0,0.0,90.0
397,46,11,5,2,20,21.0,0.10000000149011612,377.99999937415123
397,46,57,5,2,15,19.5,0.0,292.5
397,46,59,5,2,40,55.0,0.10000000149011612,1979.9999967217445
397,46,77,5,2,15,13.0,0.10000000149011612,175.49999970942736
397,24,41,8,1,12,9.65,0.0,115.80000000000001
397,24,70,8,1,9,15.0,0.0,135.0
397,17,26,1,1,12,31.23,0.0,374.76
397,17,53,1,1,20,32.8,0.0,656.0
398,7,31,6,1,35,12.5,0.0,437.5
398,7,57,6,1,15,19.5,0.0,292.5
398,9,10,1,2,15,31.0,0.0,465.0
398,9,39,1,2,21,18.0,0.0,378.0
399,64,20,9,1,5,81.0,0.0,405.0
399,64,38,9,1,2,263.5,0.0,527.0
399,38,2,9,1,10,19.0,0.0,190.0
399,38,8,9,1,20,40.0,0.0,800.0
399,38,13,9,1,10,6.0,0.0,60.0
399,38,60,9,1,21,34.0,0.0,714.0
399,81,6,4,2,6,25.0,0.0,150.0
399,81,39,4,2,28,18.0,0.0,504.0
399,81,60,4,2,30,34.0,0.0,1020.0
399,81,68,4,2,24,12.5,0.0,300.0
400,70,19,3,2,2,9.2,0.0,18.4
400,70,35,3,2,8,18.0,0.0,144.0
400,70,38,3,2,8,263.5,0.0,2108.0
400,70,43,3,2,9,46.0,0.0,414.0
400,41,13,2,2,3,6.0,0.20000000298023224,14.39999994635582
400,41,25,2,2,10,14.0,0.20000000298023224,111.99999958276749
400,41,44,2,2,16,19.45,0.20000000298023224,248.9599990725517
400,41,64,2,2,3,33.25,0.0,99.75
401,56,7,6,2,20,30.0,0.10000000149011612,539.9999991059303
401,56,31,6,2,9,12.5,0.10000000149011612,101.24999983236194
401,56,53,6,2,9,32.8,0.10000000149011612,265.6799995601177
401,81,29,1,3,8,123.79,0.05000000074505806,940.8039992621541
401,81,30,1,3,20,25.89,0.05000000074505806,491.9099996142089
401,1,59,1,3,15,55.0,0.0,825.0
401,1,77,1,3,2,13.0,0.20000000298023224,20.799999922513962
402,20,22,7,1,52,21.0,0.0,1092.0
402,20,35,7,1,6,18.0,0.0,108.0
402,20,57,7,1,24,19.5,0.0,468.0
402,20,60,7,1,60,34.0,0.0,2040.0
402,20,64,7,1,30,33.25,0.0,997.5
402,5,13,9,3,6,6.0,0.0,36.0
402,5,40,9,3,25,18.4,0.0,459.99999999999994
402,5,47,9,3,40,9.5,0.25,285.0
402,5,76,9,3,21,18.0,0.25,283.5
403,47,1,3,3,4,18.0,0.25,54.0
403,47,18,3,3,25,62.5,0.25,1171.875
403,47,36,3,3,50,19.0,0.25,712.5
403,81,58,3,3,30,13.25,0.10000000149011612,357.74999940767884
403,81,72,3,3,15,34.8,0.10000000149011612,469.7999992221594
403,47,25,4,2,6,14.0,0.20000000298023224,67.19999974966049
403,47,39,4,2,10,18.0,0.20000000298023224,143.9999994635582
404,76,10,5,2,16,31.0,0.0,496.0
404,76,56,5,2,30,38.0,0.0,1140.0
404,76,59,5,2,50,55.0,0.0,2750.0
404,76,77,5,2,15,13.0,0.0,195.0
404,80,11,1,3,15,21.0,0.0,315.0
404,80,43,1,3,5,46.0,0.0,230.0
404,80,68,1,3,20,12.5,0.0,250.0
404,80,70,1,3,12,15.0,0.0,180.0
405,84,51,4,2,4,53.0,0.25,159.0
405,59,22,8,2,35,21.0,0.0,735.0
405,63,23,8,1,70,9.0,0.10000000149011612,566.9999990612268
405,63,35,8,1,25,18.0,0.10000000149011612,404.99999932944775
405,63,42,8,1,42,14.0,0.10000000149011612,529.1999991238117
405,63,58,8,1,60,13.25,0.10000000149011612,715.4999988153577
405,63,64,8,1,48,33.25,0.0,1596.0
406,76,4,2,3,21,22.0,0.0,462.0
406,76,70,2,3,30,15.0,0.0,450.0
406,76,74,2,3,20,10.0,0.0,200.0
406,71,1,4,3,80,18.0,0.20000000298023224,1151.9999957084656
406,71,19,4,3,12,9.2,0.20000000298023224,88.31999967098236
406,71,37,4,3,60,26.0,0.20000000298023224,1247.9999953508377
406,71,45,4,3,36,9.5,0.20000000298023224,273.5999989807606
406,71,60,4,3,45,34.0,0.20000000298023224,1223.9999954402447
406,71,71,4,3,55,21.5,0.20000000298023224,945.9999964758754
407,16,5,7,2,30,21.35,0.0,640.5
407,16,9,7,2,3,97.0,0.0,291.0
407,39,3,9,2,49,10.0,0.0,490.0
407,39,26,9,2,18,31.23,0.15000000596046448,477.8189966493845
407,84,25,1,1,20,14.0,0.15000000596046448,237.99999833106995
407,84,33,1,1,4,2.5,0.15000000596046448,8.499999940395355
407,84,70,1,1,30,15.0,0.15000000596046448,382.499997317791
408,67,2,5,1,5,19.0,0.05000000074505806,90.24999992921948
408,67,25,5,1,10,14.0,0.05000000074505806,132.99999989569187
408,67,57,5,1,10,19.5,0.05000000074505806,185.24999985471368
408,67,59,5,1,42,55.0,0.05000000074505806,2194.499998278916
408,65,2,8,1,15,19.0,0.0,285.0
408,65,17,8,1,6,39.0,0.0,234.0
408,65,62,8,1,50,49.3,0.0,2465.0
409,6,18,9,2,10,62.5,0.0,625.0
409,20,10,3,2,100,31.0,0.15000000596046448,2634.99998152256
409,20,13,3,2,65,6.0,0.15000000596046448,331.49999767541885
409,55,16,3,1,50,17.45,0.0,872.5
409,55,31,3,1,14,12.5,0.0,175.0
409,55,56,3,1,24,38.0,0.0,912.0
409,55,65,3,1,15,21.05,0.15000000596046448,268.38749811798334
410,3,2,3,2,20,19.0,0.0,380.0
410,3,42,3,2,20,14.0,0.0,280.0
410,5,3,8,2,30,10.0,0.0,300.0
410,5,26,8,2,35,31.23,0.25,819.7874999999999
410,5,29,8,2,10,123.79,0.25,928.4250000000001
411,40,7,2,1,5,30.0,0.0,150.0
411,40,27,2,1,10,43.9,0.0,439.0
411,40,70,2,1,4,15.0,0.0,60.0
411,25,24,1,2,40,4.5,0.25,135.0
411,25,54,1,2,35,7.45,0.25,195.5625
411,25,64,1,2,30,33.25,0.25,748.125
411,26,51,3,3,3,53.0,0.0,159.0
411,26,76,3,3,20,18.0,0.0,360.0
412,89,17,4,2,42,39.0,0.0,1638.0
412,89,18,4,2,20,62.5,0.0,1250.0
412,89,21,4,2,40,10.0,0.0,400.0
412,89,33,4,2,35,2.5,0.0,87.5
412,89,62,4,2,3,49.3,0.0,147.89999999999998
412,44,11,8,2,25,21.0,0.0,525.0
412,44,52,8,2,8,7.0,0.0,56.0
413,35,1,4,2,20,18.0,0.15000000596046448,305.9999978542328
413,35,58,4,2,12,13.25,0.15000000596046448,135.14999905228615
413,4,35,4,2,4,18.0,0.0,72.0
413,4,67,4,2,15,14.0,0.0,210.0
413,63,38,2,1,60,263.5,0.05000000074505806,15019.499988220632
413,63,39,2,1,80,18.0,0.05000000074505806,1367.9999989271164
414,5,2,5,1,21,19.0,0.25,299.25
414,5,24,5,1,6,4.5,0.25,20.25
414,5,30,5,1,40,25.89,0.25,776.6999999999999
414,48,53,6,1,3,32.8,0.0,98.39999999999999
415,62,26,7,2,20,31.23,0.0,624.6
415,62,35,7,2,30,18.0,0.0,540.0
415,62,49,7,2,42,20.0,0.10000000149011612,755.9999987483025
415,72,1,5,1,40,18.0,0.0,720.0
415,72,11,5,1,10,21.0,0.0,210.0
415,72,23,5,1,50,9.0,0.0,450.0
415,72,68,5,1,20,12.5,0.0,250.0
415,91,35,5,3,3,18.0,0.0,54.0
415,91,51,5,3,2,53.0,0.0,106.0
416,9,6,9,2,50,25.0,0.05000000074505806,1187.4999990686774
416,9,16,9,2,12,17.45,0.05000000074505806,198.92999984398483
416,9,17,9,2,16,39.0,0.05000000074505806,592.7999995350838
416,30,55,5,2,10,24.0,0.05000000074505806,227.99999982118607
416,30,62,5,2,20,49.3,0.05000000074505806,936.6999992653728
416,30,64,5,2,15,33.25,0.05000000074505806,473.8124996284023
416,30,65,5,2,21,21.05,0.05000000074505806,419.9474996706471
417,90,21,4,1,20,10.0,0.0,200.0
417,90,28,4,1,3,45.6,0.0,136.8
417,30,10,5,2,10,31.0,0.0,310.0
417,5,19,4,2,25,9.2,0.0,229.99999999999997
417,5,47,4,2,21,9.5,0.10000000149011612,179.54999970272183
417,5,49,4,2,15,20.0,0.0,300.0
418,9,46,7,3,21,12.0,0.0,252.0
418,9,64,7,3,20,33.25,0.0,665.0
418,67,16,1,1,30,17.45,0.25,392.625
418,67,18,1,1,25,62.5,0.0,1562.5
419,63,20,4,1,20,81.0,0.05000000074505806,1538.999998793006
419,90,40,3,3,12,18.4,0.0,220.79999999999998
419,90,65,3,3,10,21.05,0.0,210.5
419,90,76,3,3,10,18.0,0.0,180.0
419,24,23,7,1,30,9.0,0.20000000298023224,215.9999991953373
419,24,61,7,1,30,28.5,0.20000000298023224,683.9999974519014
419,24,70,7,1,50,15.0,0.20000000298023224,599.9999977648258
420,12,73,4,1,10,15.0,0.0,150.0
420,71,42,4,3,25,14.0,0.0,350.0
420,71,49,4,3,20,20.0,0.15000000596046448,339.9999976158142
420,71,54,4,3,32,7.45,0.15000000596046448,202.63999857902527
421,48,24,8,3,8,4.5,0.0,36.0
421,45,21,4,2,40,10.0,0.05000000074505806,379.9999997019768
421,45,56,4,2,21,38.0,0.05000000074505806,758.0999994054437
421,45,65,4,2,12,21.05,0.05000000074505806,239.96999981179835
421,76,2,6,3,20,19.0,0.0,380.0
421,76,24,6,3,12,4.5,0.0,54.0
421,76,70,6,3,30,15.0,0.0,450.0
421,76,77,6,3,25,13.0,0.0,325.0
422,34,10,1,1,70,31.0,0.0,2170.0
422,34,31,1,1,35,12.5,0.0,437.5
422,34,77,1,1,40,13.0,0.0,520.0
422,29,25,8,3,5,14.0,0.0,70.0
423,30,2,1,2,20,19.0,0.0,380.0
423,30,68,1,2,18,12.5,0.0,225.0
423,65,11,9,3,40,21.0,0.0,840.0
423,65,38,9,3,40,263.5,0.0,10540.0
423,18,17,7,1,15,39.0,0.0,585.0
423,18,34,7,1,10,14.0,0.0,140.0
423,18,41,7,1,14,9.65,0.0,135.1
424,44,30,7,2,15,25.89,0.05000000074505806,368.9324997106567
424,50,59,4,2,40,55.0,0.05000000074505806,2089.9999983608723
425,39,8,9,2,30,40.0,0.0,1200.0
425,39,24,9,2,10,4.5,0.0,45.0
425,39,29,9,2,24,123.79,0.0,2970.96
425,39,30,9,2,35,25.89,0.0,906.15
425,39,36,9,2,20,19.0,0.0,380.0
425,71,13,1,1,28,6.0,0.05000000074505806,159.59999987483025
425,71,69,1,1,50,36.0,0.05000000074505806,1709.9999986588955
425,71,75,1,1,120,7.75,0.05000000074505806,883.499999307096
425,20,24,3,1,110,4.5,0.0,495.0
425,20,39,3,1,45,18.0,0.0,810.0
425,20,40,3,1,91,18.4,0.0,1674.3999999999999
425,20,60,3,1,100,34.0,0.0,3400.0
426,50,45,7,3,15,9.5,0.0,142.5
426,50,56,7,3,16,38.0,0.0,608.0
426,37,29,3,2,80,123.79,0.0,9903.2
426,37,30,3,2,36,25.89,0.0,932.04
427,54,13,4,2,5,6.0,0.0,30.0
427,46,39,5,3,8,18.0,0.15000000596046448,122.39999914169312
427,88,70,1,2,3,15.0,0.25,33.75
428,35,41,4,1,30,9.65,0.0,289.5
428,35,71,4,1,30,21.5,0.0,645.0
428,24,55,1,1,30,24.0,0.15000000596046448,611.9999957084656
428,24,62,1,1,6,49.3,0.15000000596046448,251.42999823689456
429,34,13,3,3,40,6.0,0.0,240.0
429,34,65,3,3,21,21.05,0.0,442.05
429,34,68,3,3,20,12.5,0.0,250.0
429,89,58,3,3,15,13.25,0.0,198.75
429,89,62,3,3,35,49.3,0.0,1725.5
429,88,1,9,2,20,18.0,0.05000000074505806,341.9999997317791
430,91,61,4,3,15,28.5,0.0,427.5
430,74,75,6,3,14,7.75,0.0,108.5
431,66,7,4,2,20,30.0,0.05000000074505806,569.9999995529652
431,66,52,4,2,14,7.0,0.05000000074505806,93.09999992698431
431,70,7,1,2,12,30.0,0.0,360.0
431,70,16,1,2,15,17.45,0.0,261.75
431,70,41,1,2,5,9.65,0.0,48.25
431,90,19,1,3,12,9.2,0.0,110.39999999999999
431,90,49,1,3,10,20.0,0.0,200.0
431,90,61,1,3,5,28.5,0.0,142.5
431,30,1,3,1,10,18.0,0.0,180.0
431,30,17,3,1,12,39.0,0.0,468.0
431,30,67,3,1,15,14.0,0.0,210.0
431,37,11,2,2,40,21.0,0.25,630.0
431,37,29,2,2,60,123.79,0.25,5570.55
431,62,4,4,1,30,22.0,0.25,495.0
431,62,33,4,1,40,2.5,0.25,75.0
431,62,58,4,1,15,13.25,0.0,198.75
432,62,71,6,1,25,21.5,0.0,537.5
432,80,17,2,2,10,39.0,0.0,390.0
432,80,33,2,2,30,2.5,0.0,75.0
432,80,54,2,2,10,7.45,0.0,74.5
432,64,16,1,2,6,17.45,0.0,104.69999999999999
432,64,32,1,2,6,32.0,0.0,192.0
432,64,57,1,2,20,19.5,0.0,390.0
433,69,30,4,2,1,25.89,0.0,25.89
433,69,60,4,2,10,34.0,0.0,340.0
433,10,1,3,3,60,18.0,0.25,810.0
433,10,60,3,3,25,34.0,0.25,637.5
433,47,16,2,2,24,17.45,0.0,418.79999999999995
433,47,25,2,2,24,14.0,0.0,336.0
433,47,40,2,2,20,18.4,0.0,368.0
434,4,50,4,2,24,16.25,0.0,390.0
434,83,35,1,1,10,18.0,0.0,180.0
434,83,63,1,1,40,43.9,0.0,1756.0
434,34,17,5,3,15,39.0,0.0,585.0
434,34,24,5,3,35,4.5,0.0,157.5
434,41,42,7,3,10,14.0,0.20000000298023224,111.99999958276749
434,41,43,7,3,10,46.0,0.20000000298023224,367.99999862909317
434,41,67,7,3,24,14.0,0.20000000298023224,268.79999899864197
435,5,10,3,2,20,31.0,0.10000000149011612,557.999999076128
435,5,28,3,2,30,45.6,0.10000000149011612,1231.1999979615211
435,5,75,3,2,6,7.75,0.0,46.5
435,34,36,3,1,25,19.0,0.15000000596046448,403.7499971687794
435,34,52,3,1,12,7.0,0.15000000596046448,71.39999949932098
435,2,11,4,3,2,21.0,0.0,42.0
435,2,13,4,3,10,6.0,0.0,60.0
435,2,19,4,3,7,9.2,0.0,64.39999999999999
435,2,72,4,3,10,34.8,0.0,348.0
436,40,20,4,1,5,81.0,0.0,405.0
436,40,52,4,1,5,7.0,0.0,35.0
436,40,76,4,1,20,18.0,0.0,360.0
436,29,47,1,1,5,9.5,0.0,47.5
436,29,76,1,1,5,18.0,0.0,90.0
436,25,21,6,1,60,10.0,0.0,600.0
436,25,75,6,1,49,7.75,0.0,379.75
436,25,77,6,1,15,13.0,0.0,195.0
437,76,21,4,3,36,10.0,0.0,360.0
437,76,27,4,3,25,43.9,0.0,1097.5
437,76,55,4,3,25,24.0,0.20000000298023224,479.99999821186066
437,76,58,4,3,30,13.25,0.20000000298023224,317.9999988153577
437,68,13,4,2,42,6.0,0.15000000596046448,214.19999849796295
437,68,57,4,2,30,19.5,0.0,585.0
437,9,16,8,1,30,17.45,0.10000000149011612,471.1499992199242
437,9,62,8,1,14,49.3,0.10000000149011612,621.1799989715217
437,9,72,8,1,16,34.8,0.0,556.8
437,9,75,8,1,20,7.75,0.10000000149011612,139.499999769032
437,38,53,6,3,2,32.8,0.0,65.6
437,38,61,6,3,30,28.5,0.0,855.0
438,44,6,3,3,20,25.0,0.0,500.0
438,88,1,4,3,21,18.0,0.0,378.0
438,88,18,4,3,4,62.5,0.25,187.5
438,88,23,4,3,8,9.0,0.25,54.0
438,32,36,3,2,30,19.0,0.20000000298023224,455.9999983012676
439,12,28,7,3,8,45.6,0.0,364.8
439,12,34,7,3,20,14.0,0.0,280.0
439,63,13,3,2,20,6.0,0.25,90.0
439,63,43,3,2,24,46.0,0.25,828.0
439,63,60,3,2,49,34.0,0.25,1249.5
439,63,71,3,2,35,21.5,0.25,564.375
439,49,2,2,2,10,19.0,0.15000000596046448,161.49999886751175
439,49,67,2,2,40,14.0,0.15000000596046448,475.9999966621399
440,9,7,8,3,8,30.0,0.0,240.0
440,9,13,8,3,20,6.0,0.0,120.0
440,71,31,7,2,44,12.5,0.25,412.5
440,71,62,7,2,30,49.3,0.25,1109.25
440,71,68,7,2,80,12.5,0.25,750.0
440,71,72,7,2,50,34.8,0.0,1739.9999999999998
440,66,49,9,3,28,20.0,0.0,560.0
440,11,13,4,2,15,6.0,0.0,90.0
440,11,22,4,2,21,21.0,0.0,441.0
440,11,46,4,2,15,12.0,0.0,180.0
441,10,11,6,3,5,21.0,0.25,78.75
441,10,44,6,3,18,19.45,0.25,262.575
441,10,56,6,3,18,38.0,0.0,684.0
441,52,13,4,1,20,6.0,0.0,120.0
441,52,31,4,1,10,12.5,0.0,125.0
441,83,10,1,2,25,31.0,0.0,775.0
441,83,24,1,2,25,4.5,0.0,112.5
441,83,77,1,2,40,13.0,0.0,520.0
442,11,59,3,2,4,55.0,0.0,220.0
442,30,50,3,3,9,16.25,0.0,146.25
442,30,51,3,3,40,53.0,0.0,2120.0
442,30,55,3,3,4,24.0,0.0,96.0
442,10,6,2,3,12,25.0,0.0,300.0
442,10,10,2,3,30,31.0,0.0,930.0
442,10,17,2,3,6,39.0,0.0,234.0
442,10,62,2,3,60,49.3,0.0,2958.0
443,49,4,1,2,5,22.0,0.0,110.0
443,68,33,9,2,15,2.5,0.05000000074505806,35.62499997206032
443,68,41,9,2,6,9.65,0.05000000074505806,55.00499995686114
443,68,75,9,2,50,7.75,0.05000000074505806,368.12499971129
443,1,6,1,1,16,25.0,0.05000000074505806,379.9999997019768
443,1,28,1,1,2,45.6,0.0,91.2
443,4,20,9,2,50,81.0,0.05000000074505806,3847.499996982515
443,4,31,9,2,50,12.5,0.05000000074505806,593.7499995343387
444,47,16,5,1,28,17.45,0.15000000596046448,415.309997087717
444,47,31,5,1,25,12.5,0.15000000596046448,265.62499813735485
444,47,45,5,1,30,9.5,0.0,285.0
444,47,60,5,1,24,34.0,0.15000000596046448,693.599995136261
444,24,75,8,2,12,7.75,0.20000000298023224,74.3999997228384
444,6,21,6,2,12,10.0,0.0,120.0
444,6,47,6,2,14,9.5,0.0,133.0
444,6,51,6,2,8,53.0,0.0,424.0
445,35,30,8,3,30,25.89,0.0,776.7
445,35,35,8,3,40,18.0,0.0,720.0
445,35,64,8,3,8,33.25,0.0,266.0
445,54,5,7,2,20,21.35,0.0,427.0
445,54,7,7,2,6,30.0,0.0,180.0
445,54,72,7,2,5,34.8,0.0,174.0
445,31,75,6,2,20,7.75,0.15000000596046448,131.749999076128
446,35,24,3,1,10,4.5,0.25,33.75
446,35,41,3,1,24,9.65,0.0,231.60000000000002
446,62,52,8,1,6,7.0,0.05000000074505806,39.89999996870756
446,62,76,8,1,60,18.0,0.0,1080.0
446,63,7,8,2,45,30.0,0.0,1350.0
446,63,13,8,2,77,6.0,0.0,462.0
446,63,53,8,2,20,32.8,0.0,656.0
446,63,69,8,2,9,36.0,0.0,324.0
446,63,76,8,2,44,18.0,0.0,792.0
446,28,60,9,3,2,34.0,0.15000000596046448,57.799999594688416
447,74,18,3,2,6,62.5,0.0,375.0
447,74,38,3,2,5,263.5,0.0,1317.5
447,74,69,3,2,10,36.0,0.0,360.0
447,55,51,6,3,16,53.0,0.0,848.0
447,14,37,4,1,8,26.0,0.0,208.0
447,14,56,4,1,12,38.0,0.15000000596046448,387.5999972820282
447,14,62,4,1,12,49.3,0.15000000596046448,502.8599964737891
448,79,19,2,2,12,9.2,0.0,110.39999999999999
448,79,49,2,2,40,20.0,0.0,800.0
448,20,12,1,3,30,38.0,0.0,1140.0
448,20,24,1,3,30,4.5,0.0,135.0
448,20,64,1,3,4,33.25,0.0,133.0
448,15,46,1,2,9,12.0,0.0,108.0
449,8,52,9,1,40,7.0,0.20000000298023224,223.99999916553497
449,26,29,2,2,14,123.79,0.0,1733.0600000000002
449,40,17,4,2,6,39.0,0.0,234.0
449,40,33,4,2,7,2.5,0.0,17.5
449,40,26,6,2,5,31.23,0.0,156.15
449,40,41,6,2,6,9.65,0.0,57.900000000000006
449,40,75,6,2,10,7.75,0.0,77.5
450,75,63,3,3,10,43.9,0.0,439.0
450,10,8,1,3,16,40.0,0.0,640.0
450,10,75,1,3,10,7.75,0.0,77.5
450,35,28,1,1,20,45.6,0.0,912.0
451,24,39,8,3,30,18.0,0.0,540.0
451,24,47,8,3,30,9.5,0.0,285.0
451,24,51,8,3,10,53.0,0.0,530.0
451,24,63,8,3,20,43.9,0.0,878.0
451,50,8,9,2,20,40.0,0.15000000596046448,679.9999952316284
451,50,21,9,2,40,10.0,0.15000000596046448,339.9999976158142
451,50,40,9,2,10,18.4,0.0,184.0
451,50,44,9,2,6,19.45,0.15000000596046448,99.19499930441378
451,20,7,8,2,18,30.0,0.0,540.0
451,20,12,8,2,20,38.0,0.0,760.0
451,20,24,8,2,80,4.5,0.0,360.0
451,20,27,8,2,30,43.9,0.0,1317.0
451,20,31,8,2,24,12.5,0.0,300.0
451,20,63,8,2,35,43.9,0.0,1536.5
452,24,75,4,1,40,7.75,0.20000000298023224,247.999999076128
452,34,38,1,2,60,263.5,0.0,15810.0
452,10,7,2,1,20,30.0,0.0,600.0
452,10,43,2,1,9,46.0,0.0,414.0
452,71,13,2,2,84,6.0,0.15000000596046448,428.3999969959259
452,71,57,2,2,15,19.5,0.0,292.5
453,71,16,1,3,55,17.45,0.0,959.75
453,71,24,1,3,20,4.5,0.0,90.0
453,71,36,1,3,40,19.0,0.0,760.0
453,37,16,2,1,36,17.45,0.10000000149011612,565.3799990639089
453,37,18,2,1,8,62.5,0.10000000149011612,449.99999925494194
453,37,32,2,1,35,32.0,0.10000000149011612,1007.99999833107
453,54,11,8,2,30,21.0,0.0,630.0
453,54,20,8,2,15,81.0,0.0,1215.0
453,54,76,8,2,10,18.0,0.0,180.0
453,54,77,8,2,15,13.0,0.0,195.0
454,19,7,8,1,60,30.0,0.0,1800.0
454,19,43,8,1,6,46.0,0.0,276.0
454,19,72,8,1,20,34.8,0.0,696.0
454,65,7,3,2,60,30.0,0.0,1800.0
454,65,62,3,2,40,49.3,0.10000000149011612,1774.799997061491
454,61,6,2,1,40,25.0,0.0,1000.0
454,61,11,2,1,15,21.0,0.0,315.0
454,61,41,2,1,4,9.65,0.0,38.6
455,20,21,2,3,65,10.0,0.0,650.0
455,20,34,2,3,60,14.0,0.15000000596046448,713.9999949932098
455,20,55,2,3,65,24.0,0.15000000596046448,1325.9999907016754
455,20,61,2,3,66,28.5,0.15000000596046448,1598.8499887883663
455,63,2,1,1,50,19.0,0.20000000298023224,759.9999971687794
455,63,70,1,1,20,15.0,0.20000000298023224,239.99999910593033
455,63,76,1,1,90,18.0,0.20000000298023224,1295.9999951720238
455,77,72,1,3,2,34.8,0.0,69.6
455,24,29,7,3,50,123.79,0.25,4642.125
455,24,41,7,3,35,9.65,0.25,253.3125
456,83,59,2,3,18,55.0,0.05000000074505806,940.4999992623925
456,58,51,1,3,20,53.0,0.0,1060.0
456,58,60,1,3,4,34.0,0.0,136.0
456,63,42,4,2,40,14.0,0.0,560.0
457,46,32,8,2,50,32.0,0.0,1600.0
457,46,46,8,2,20,12.0,0.25,180.0
457,46,52,8,2,20,7.0,0.25,105.0
457,91,24,8,2,12,4.5,0.0,54.0
457,91,61,8,2,7,28.5,0.0,199.5
457,91,74,8,2,20,10.0,0.0,200.0
457,91,75,8,2,30,7.75,0.0,232.5
457,56,41,6,2,20,9.65,0.05000000074505806,183.3499998562038
457,56,51,6,2,15,53.0,0.05000000074505806,755.2499994076788
457,56,77,6,2,21,13.0,0.05000000074505806,259.34999979659915
458,65,4,2,3,25,22.0,0.25,412.5
458,65,24,2,3,30,4.5,0.25,101.25
458,65,77,2,3,30,13.0,0.0,390.0
458,24,7,2,2,60,30.0,0.0,1800.0
458,24,22,2,2,25,21.0,0.0,525.0
458,24,46,2,2,25,12.0,0.0,300.0
458,24,55,2,2,6,24.0,0.0,144.0
458,71,13,4,1,56,6.0,0.0,336.0
458,71,35,4,1,15,18.0,0.15000000596046448,229.4999983906746
458,71,42,4,1,24,14.0,0.15000000596046448,285.59999799728394
458,71,55,4,1,40,24.0,0.0,960.0
458,78,1,3,3,4,18.0,0.0,72.0
458,78,40,3,3,10,18.4,0.0,184.0
458,78,52,3,3,10,7.0,0.0,70.0
459,50,26,3,1,6,31.23,0.0,187.38
459,50,76,3,1,6,18.0,0.0,108.0
459,90,1,2,1,2,18.0,0.0,36.0
459,90,59,2,1,10,55.0,0.0,550.0
459,32,1,3,2,8,18.0,0.0,144.0
459,32,29,3,2,2,123.79,0.25,185.685
460,60,8,8,2,30,40.0,0.0,1200.0
460,60,29,8,2,10,123.79,0.0,1237.9
460,60,42,8,2,14,14.0,0.0,196.0
460,20,28,7,3,70,45.6,0.05000000074505806,3032.3999976217747
460,20,34,7,3,90,14.0,0.05000000074505806,1196.9999990612268
460,20,71,7,3,21,21.5,0.0,451.5
460,30,24,2,1,12,4.5,0.0,54.0
460,30,36,2,1,18,19.0,0.25,256.5
460,30,60,2,1,9,34.0,0.0,306.0
461,66,7,2,2,20,30.0,0.0,600.0
461,66,24,2,2,10,4.5,0.0,45.0
461,1,58,3,1,40,13.25,0.05000000074505806,503.4999996051192
461,1,71,3,1,20,21.5,0.0,430.0
461,25,19,1,3,50,9.2,0.05000000074505806,436.99999965727324
461,25,60,1,3,36,34.0,0.05000000074505806,1162.799999088049
461,25,71,1,3,60,21.5,0.05000000074505806,1225.499999038875
461,69,23,2,1,10,9.0,0.0,90.0
461,69,42,2,1,4,14.0,0.0,56.0
461,69,45,2,1,20,9.5,0.0,190.0
461,69,68,2,1,2,12.5,0.0,25.0
462,47,41,2,3,28,9.65,0.10000000149011612,243.17999959737062
462,70,30,2,2,15,25.89,0.0,388.35
462,70,77,2,2,18,13.0,0.0,234.0
462,4,31,9,2,15,12.5,0.0,187.5
462,4,36,9,2,16,19.0,0.0,304.0
463,20,3,9,2,25,10.0,0.0,250.0
463,20,59,9,2,110,55.0,0.0,6050.0
463,20,70,9,2,30,15.0,0.0,450.0
463,48,12,4,2,20,38.0,0.0,760.0
463,48,18,4,2,10,62.5,0.0,625.0
463,48,56,4,2,5,38.0,0.0,190.0
463,64,46,6,3,3,12.0,0.0,36.0
463,64,49,6,3,2,20.0,0.0,40.0
464,56,10,2,2,24,31.0,0.15000000596046448,632.3999955654144
464,63,2,3,1,11,19.0,0.25,156.75
464,63,20,3,1,15,81.0,0.0,1215.0
464,63,26,3,1,63,31.23,0.0,1967.49
464,63,51,3,1,44,53.0,0.25,1749.0
464,63,72,3,1,35,34.8,0.0,1218.0
464,34,19,9,2,35,9.2,0.0,322.0
464,34,69,9,2,30,36.0,0.0,1080.0
464,11,7,1,2,4,30.0,0.0,120.0
464,11,43,1,2,30,46.0,0.0,1380.0
465,19,26,4,1,12,31.23,0.0,374.76
465,19,33,4,1,30,2.5,0.0,75.0
465,19,65,4,1,21,21.05,0.0,442.05
465,19,71,4,1,50,21.5,0.0,1075.0
465,87,1,6,3,10,18.0,0.10000000149011612,161.9999997317791
465,87,13,6,3,20,6.0,0.10000000149011612,107.99999982118607
465,27,18,4,1,8,62.5,0.0,500.0
465,27,51,4,1,10,53.0,0.0,530.0
466,10,24,1,1,30,4.5,0.25,101.25
466,10,62,1,1,21,49.3,0.25,776.4749999999999
466,39,55,2,1,35,24.0,0.0,840.0
466,39,59,2,1,24,55.0,0.0,1320.0
466,14,56,4,1,20,38.0,0.0,760.0
466,14,63,4,1,12,43.9,0.0,526.8
467,71,2,7,2,100,19.0,0.25,1425.0
467,71,5,7,2,70,21.35,0.0,1494.5
467,71,29,7,2,60,123.79,0.25,5570.55
467,71,59,7,2,100,55.0,0.25,4125.0
467,71,1,6,2,45,18.0,0.0,810.0
467,71,13,6,2,80,6.0,0.0,480.0
467,71,24,6,2,21,4.5,0.0,94.5
467,71,64,6,2,20,33.25,0.0,665.0
467,71,71,6,2,16,21.5,0.0,344.0
467,89,36,2,3,35,19.0,0.0,665.0
467,89,38,2,3,25,263.5,0.0,6587.5
467,89,59,2,3,30,55.0,0.0,1650.0
467,68,53,7,3,70,32.8,0.10000000149011612,2066.3999965786934
467,68,69,7,3,36,36.0,0.10000000149011612,1166.3999980688095
468,55,21,8,1,15,10.0,0.10000000149011612,134.99999977648258
468,55,44,8,1,12,19.45,0.0,233.39999999999998
468,55,61,8,1,6,28.5,0.0,171.0
468,76,1,2,2,10,18.0,0.0,180.0
468,76,35,2,2,60,18.0,0.0,1080.0
468,76,42,2,2,30,14.0,0.0,420.0
468,76,54,2,2,10,7.45,0.0,74.5
468,17,13,8,3,7,6.0,0.0,42.0
468,17,59,8,3,30,55.0,0.0,1650.0
469,30,70,7,1,4,15.0,0.0,60.0
469,76,40,1,2,5,18.4,0.20000000298023224,73.59999972581863
469,76,52,1,2,2,7.0,0.0,14.0
469,76,71,1,2,30,21.5,0.0,645.0
469,47,28,1,2,20,45.6,0.0,912.0
469,47,35,1,2,24,18.0,0.0,432.0
469,47,49,1,2,60,20.0,0.0,1200.0
469,47,57,1,2,28,19.5,0.0,546.0
470,32,21,4,3,20,10.0,0.0,200.0
470,14,2,3,2,30,19.0,0.20000000298023224,455.9999983012676
470,14,63,3,2,30,43.9,0.0,1317.0
470,15,44,2,1,15,19.45,0.0,291.75
470,15,61,2,1,4,28.5,0.0,114.0
470,74,11,5,2,10,21.0,0.0,210.0
471,91,62,4,1,12,49.3,0.0,591.5999999999999
471,10,33,6,2,15,2.5,0.0,37.5
471,10,51,6,2,24,53.0,0.0,1272.0
471,86,12,8,2,20,38.0,0.05000000074505806,721.9999994337559
471,86,32,8,2,15,32.0,0.05000000074505806,455.99999964237213
471,86,35,8,2,18,18.0,0.05000000074505806,307.7999997586012
472,19,1,7,3,25,18.0,0.25,337.5
472,19,5,7,3,30,21.35,0.25,480.375
472,10,68,7,3,42,12.5,0.0,525.0
472,31,2,3,1,10,19.0,0.20000000298023224,151.99999943375587
472,31,12,3,1,4,38.0,0.20000000298023224,121.5999995470047
473,24,76,8,2,50,18.0,0.10000000149011612,809.9999986588955
473,41,24,7,3,10,4.5,0.20000000298023224,35.99999986588955
473,34,43,3,1,30,46.0,0.20000000298023224,1103.9999958872795
473,34,61,3,1,10,28.5,0.20000000298023224,227.9999991506338
473,59,18,2,2,35,62.5,0.20000000298023224,1749.999993480742
473,59,32,2,2,20,32.0,0.0,640.0
473,59,64,2,2,25,33.25,0.20000000298023224,664.999997522682
474,12,33,8,1,10,2.5,0.0,25.0
474,12,67,8,1,20,14.0,0.0,280.0
474,35,24,7,2,15,4.5,0.0,67.5
474,35,25,7,2,15,14.0,0.0,210.0
474,35,51,7,2,20,53.0,0.0,1060.0
474,35,57,7,2,20,19.5,0.0,390.0
474,19,7,8,2,40,30.0,0.0,1200.0
474,19,55,8,2,35,24.0,0.0,840.0
474,19,60,8,2,50,34.0,0.0,1700.0
475,53,70,3,3,3,15.0,0.0,45.0
475,6,21,9,3,3,10.0,0.0,30.0
475,6,60,9,3,21,34.0,0.0,714.0
475,6,61,9,3,4,28.5,0.0,114.0
475,67,13,2,2,30,6.0,0.0,180.0
475,67,17,2,2,12,39.0,0.0,468.0
475,67,60,2,2,35,34.0,0.0,1190.0
476,27,60,2,2,4,34.0,0.0,136.0
476,27,77,2,2,10,13.0,0.0,130.0
476,32,60,4,3,15,34.0,0.0,510.0
476,66,53,4,2,10,32.8,0.20000000298023224,262.3999990224838
476,66,70,4,2,12,15.0,0.20000000298023224,143.9999994635582
476,37,34,3,2,30,14.0,0.0,420.0
476,37,40,3,2,40,18.4,0.10000000149011612,662.3999989032745
476,37,41,3,2,30,9.65,0.10000000149011612,260.5499995686114
477,71,17,1,1,77,39.0,0.10000000149011612,2702.6999955251813
477,71,41,1,1,12,9.65,0.0,115.80000000000001
477,71,53,1,1,25,32.8,0.10000000149011612,737.9999987781047
477,71,55,1,1,4,24.0,0.10000000149011612,86.39999985694885
477,71,68,1,1,55,12.5,0.0,687.5
477,46,30,8,1,4,25.89,0.25,77.67
477,46,54,8,1,20,7.45,0.25,111.75
477,89,16,7,2,3,17.45,0.0,52.349999999999994
477,89,19,7,2,42,9.2,0.0,386.4
477,89,34,7,2,35,14.0,0.0,490.0
478,17,41,1,2,9,9.65,0.0,86.85000000000001
478,62,28,8,2,8,45.6,0.15000000596046448,310.07999782562257
478,62,43,8,2,36,46.0,0.15000000596046448,1407.5999901294708
478,62,77,8,2,28,13.0,0.15000000596046448,309.39999783039093
478,80,39,1,2,20,18.0,0.0,360.0
479,44,1,2,1,40,18.0,0.15000000596046448,611.9999957084656
479,44,2,2,1,20,19.0,0.15000000596046448,322.9999977350235
479,44,16,2,1,30,17.45,0.15000000596046448,444.97499687969685
479,44,31,2,1,20,12.5,0.0,250.0
479,46,7,1,1,15,30.0,0.05000000074505806,427.4999996647239
479,46,13,1,1,10,6.0,0.05000000074505806,56.999999955296516
479,20,2,4,2,8,19.0,0.0,152.0
479,20,41,4,2,40,9.65,0.0,386.0
479,20,50,4,2,22,16.25,0.0,357.5
479,20,64,4,2,130,33.25,0.0,4322.5
479,58,11,2,2,10,21.0,0.0,210.0
479,58,24,2,2,20,4.5,0.0,90.0
480,73,16,7,2,14,17.45,0.05000000074505806,232.0849998179823
480,68,2,8,2,10,19.0,0.15000000596046448,161.49999886751175
480,68,46,8,2,30,12.0,0.15000000596046448,305.9999978542328
480,68,76,8,2,2,18.0,0.15000000596046448,30.59999978542328
480,9,6,4,2,20,25.0,0.25,375.0
480,9,14,4,2,20,23.25,0.25,348.75
480,9,19,4,2,10,9.2,0.25,69.0
480,65,2,1,2,24,19.0,0.20000000298023224,364.7999986410141
480,65,3,1,2,4,10.0,0.0,40.0
480,65,4,1,2,1,22.0,0.0,22.0
480,65,6,1,2,1,25.0,0.019999999552965164,24.50000001117587
480,65,7,1,2,1,30.0,0.05000000074505806,28.499999977648258
480,65,8,1,2,2,40.0,0.10000000149011612,71.99999988079071
480,65,10,1,2,1,31.0,0.0,31.0
480,65,12,1,2,2,38.0,0.05000000074505806,72.19999994337559
480,65,13,1,2,4,6.0,0.0,24.0
480,65,14,1,2,1,23.25,0.029999999329447746,22.55250001559034
480,65,16,1,2,2,17.45,0.029999999329447746,33.853000023402274
480,65,20,1,2,1,81.0,0.03999999910593033,77.76000007241964
480,65,23,1,2,2,9.0,0.0,18.0
480,65,32,1,2,1,32.0,0.0,32.0
480,65,39,1,2,2,18.0,0.05000000074505806,34.19999997317791
480,65,41,1,2,3,9.65,0.0,28.950000000000003
480,65,46,1,2,3,12.0,0.019999999552965164,35.280000016093254
480,65,52,1,2,2,7.0,0.0,14.0
480,65,55,1,2,2,24.0,0.0,48.0
480,65,60,1,2,2,34.0,0.05999999865889549,63.92000009119511
480,65,64,1,2,2,33.25,0.029999999329447746,64.50500004459172
480,65,66,1,2,1,17.0,0.0,17.0
480,65,73,1,2,2,15.0,0.009999999776482582,29.700000006705523
480,65,75,1,2,4,7.75,0.0,31.0
480,65,77,1,2,2,13.0,0.0,26.0
